[{"model": "admin.logentry", "pk": 1, "fields": {"action_time": "2022-02-17T10:55:00.289Z", "user": 1, "content_type": 9, "object_id": "1", "object_repr": "IngredientName object (1)", "action_flag": 1, "change_message": "[{\"added\": {}}]"}}, {"model": "admin.logentry", "pk": 2, "fields": {"action_time": "2022-02-17T10:55:07.870Z", "user": 1, "content_type": 9, "object_id": "2", "object_repr": "IngredientName object (2)", "action_flag": 1, "change_message": "[{\"added\": {}}]"}}, {"model": "admin.logentry", "pk": 3, "fields": {"action_time": "2022-02-17T10:55:19.446Z", "user": 1, "content_type": 9, "object_id": "3", "object_repr": "IngredientName object (3)", "action_flag": 1, "change_message": "[{\"added\": {}}]"}}, {"model": "admin.logentry", "pk": 4, "fields": {"action_time": "2022-02-17T10:55:28.479Z", "user": 1, "content_type": 9, "object_id": "4", "object_repr": "IngredientName object (4)", "action_flag": 1, "change_message": "[{\"added\": {}}]"}}, {"model": "admin.logentry", "pk": 5, "fields": {"action_time": "2022-02-17T10:55:35.447Z", "user": 1, "content_type": 9, "object_id": "5", "object_repr": "IngredientName object (5)", "action_flag": 1, "change_message": "[{\"added\": {}}]"}}, {"model": "admin.logentry", "pk": 6, "fields": {"action_time": "2022-02-17T10:55:43.561Z", "user": 1, "content_type": 9, "object_id": "6", "object_repr": "IngredientName object (6)", "action_flag": 1, "change_message": "[{\"added\": {}}]"}}, {"model": "admin.logentry", "pk": 7, "fields": {"action_time": "2022-02-17T10:56:06.958Z", "user": 1, "content_type": 9, "object_id": "7", "object_repr": "IngredientName object (7)", "action_flag": 1, "change_message": "[{\"added\": {}}]"}}, {"model": "admin.logentry", "pk": 8, "fields": {"action_time": "2022-02-17T10:56:14.192Z", "user": 1, "content_type": 9, "object_id": "8", "object_repr": "IngredientName object (8)", "action_flag": 1, "change_message": "[{\"added\": {}}]"}}, {"model": "admin.logentry", "pk": 9, "fields": {"action_time": "2022-02-17T10:56:22.094Z", "user": 1, "content_type": 9, "object_id": "9", "object_repr": "IngredientName object (9)", "action_flag": 1, "change_message": "[{\"added\": {}}]"}}, {"model": "admin.logentry", "pk": 10, "fields": {"action_time": "2022-02-17T10:56:36.965Z", "user": 1, "content_type": 9, "object_id": "10", "object_repr": "IngredientName object (10)", "action_flag": 1, "change_message": "[{\"added\": {}}]"}}, {"model": "admin.logentry", "pk": 11, "fields": {"action_time": "2022-02-17T10:56:51.423Z", "user": 1, "content_type": 9, "object_id": "11", "object_repr": "IngredientName object (11)", "action_flag": 1, "change_message": "[{\"added\": {}}]"}}, {"model": "admin.logentry", "pk": 12, "fields": {"action_time": "2022-02-17T10:57:02.783Z", "user": 1, "content_type": 9, "object_id": "12", "object_repr": "IngredientName object (12)", "action_flag": 1, "change_message": "[{\"added\": {}}]"}}, {"model": "admin.logentry", "pk": 13, "fields": {"action_time": "2022-02-17T10:57:22.333Z", "user": 1, "content_type": 9, "object_id": "13", "object_repr": "IngredientName object (13)", "action_flag": 1, "change_message": "[{\"added\": {}}]"}}, {"model": "admin.logentry", "pk": 14, "fields": {"action_time": "2022-02-17T10:57:41.578Z", "user": 1, "content_type": 9, "object_id": "14", "object_repr": "IngredientName object (14)", "action_flag": 1, "change_message": "[{\"added\": {}}]"}}, {"model": "admin.logentry", "pk": 15, "fields": {"action_time": "2022-02-17T10:57:46.604Z", "user": 1, "content_type": 9, "object_id": "15", "object_repr": "IngredientName object (15)", "action_flag": 1, "change_message": "[{\"added\": {}}]"}}, {"model": "admin.logentry", "pk": 16, "fields": {"action_time": "2022-02-17T10:57:57.044Z", "user": 1, "content_type": 9, "object_id": "16", "object_repr": "IngredientName object (16)", "action_flag": 1, "change_message": "[{\"added\": {}}]"}}, {"model": "admin.logentry", "pk": 17, "fields": {"action_time": "2022-02-17T10:58:03.819Z", "user": 1, "content_type": 9, "object_id": "17", "object_repr": "IngredientName object (17)", "action_flag": 1, "change_message": "[{\"added\": {}}]"}}, {"model": "admin.logentry", "pk": 18, "fields": {"action_time": "2022-02-17T10:58:10.038Z", "user": 1, "content_type": 9, "object_id": "18", "object_repr": "IngredientName object (18)", "action_flag": 1, "change_message": "[{\"added\": {}}]"}}, {"model": "admin.logentry", "pk": 19, "fields": {"action_time": "2022-02-17T10:58:22.831Z", "user": 1, "content_type": 9, "object_id": "19", "object_repr": "IngredientName object (19)", "action_flag": 1, "change_message": "[{\"added\": {}}]"}}, {"model": "admin.logentry", "pk": 20, "fields": {"action_time": "2022-02-17T10:58:43.226Z", "user": 1, "content_type": 9, "object_id": "20", "object_repr": "IngredientName object (20)", "action_flag": 1, "change_message": "[{\"added\": {}}]"}}, {"model": "admin.logentry", "pk": 21, "fields": {"action_time": "2022-02-17T10:58:51.049Z", "user": 1, "content_type": 9, "object_id": "21", "object_repr": "IngredientName object (21)", "action_flag": 1, "change_message": "[{\"added\": {}}]"}}, {"model": "admin.logentry", "pk": 22, "fields": {"action_time": "2022-02-17T11:03:23.589Z", "user": 1, "content_type": 9, "object_id": "22", "object_repr": "IngredientName object (22)", "action_flag": 1, "change_message": "[{\"added\": {}}]"}}, {"model": "admin.logentry", "pk": 23, "fields": {"action_time": "2022-02-17T11:03:30.149Z", "user": 1, "content_type": 9, "object_id": "23", "object_repr": "IngredientName object (23)", "action_flag": 1, "change_message": "[{\"added\": {}}]"}}, {"model": "admin.logentry", "pk": 24, "fields": {"action_time": "2022-02-17T11:03:36.619Z", "user": 1, "content_type": 9, "object_id": "24", "object_repr": "IngredientName object (24)", "action_flag": 1, "change_message": "[{\"added\": {}}]"}}, {"model": "admin.logentry", "pk": 25, "fields": {"action_time": "2022-02-17T11:03:41.715Z", "user": 1, "content_type": 9, "object_id": "25", "object_repr": "IngredientName object (25)", "action_flag": 1, "change_message": "[{\"added\": {}}]"}}, {"model": "admin.logentry", "pk": 26, "fields": {"action_time": "2022-02-17T11:03:46.760Z", "user": 1, "content_type": 9, "object_id": "26", "object_repr": "IngredientName object (26)", "action_flag": 1, "change_message": "[{\"added\": {}}]"}}, {"model": "admin.logentry", "pk": 27, "fields": {"action_time": "2022-02-17T11:04:05.910Z", "user": 1, "content_type": 9, "object_id": "27", "object_repr": "IngredientName object (27)", "action_flag": 1, "change_message": "[{\"added\": {}}]"}}, {"model": "admin.logentry", "pk": 28, "fields": {"action_time": "2022-02-17T11:04:11.525Z", "user": 1, "content_type": 9, "object_id": "28", "object_repr": "IngredientName object (28)", "action_flag": 1, "change_message": "[{\"added\": {}}]"}}, {"model": "admin.logentry", "pk": 29, "fields": {"action_time": "2022-02-17T11:04:19.719Z", "user": 1, "content_type": 9, "object_id": "29", "object_repr": "IngredientName object (29)", "action_flag": 1, "change_message": "[{\"added\": {}}]"}}, {"model": "admin.logentry", "pk": 30, "fields": {"action_time": "2022-02-17T11:04:29.958Z", "user": 1, "content_type": 9, "object_id": "30", "object_repr": "IngredientName object (30)", "action_flag": 1, "change_message": "[{\"added\": {}}]"}}, {"model": "admin.logentry", "pk": 31, "fields": {"action_time": "2022-02-17T11:04:35.220Z", "user": 1, "content_type": 9, "object_id": "31", "object_repr": "IngredientName object (31)", "action_flag": 1, "change_message": "[{\"added\": {}}]"}}, {"model": "admin.logentry", "pk": 32, "fields": {"action_time": "2022-02-17T11:04:39.810Z", "user": 1, "content_type": 9, "object_id": "32", "object_repr": "IngredientName object (32)", "action_flag": 1, "change_message": "[{\"added\": {}}]"}}, {"model": "admin.logentry", "pk": 33, "fields": {"action_time": "2022-02-17T11:05:09.583Z", "user": 1, "content_type": 9, "object_id": "33", "object_repr": "IngredientName object (33)", "action_flag": 1, "change_message": "[{\"added\": {}}]"}}, {"model": "admin.logentry", "pk": 34, "fields": {"action_time": "2022-02-17T11:05:17.705Z", "user": 1, "content_type": 9, "object_id": "34", "object_repr": "IngredientName object (34)", "action_flag": 1, "change_message": "[{\"added\": {}}]"}}, {"model": "admin.logentry", "pk": 35, "fields": {"action_time": "2022-02-17T11:05:34.301Z", "user": 1, "content_type": 9, "object_id": "35", "object_repr": "IngredientName object (35)", "action_flag": 1, "change_message": "[{\"added\": {}}]"}}, {"model": "admin.logentry", "pk": 36, "fields": {"action_time": "2022-02-17T11:05:39.293Z", "user": 1, "content_type": 9, "object_id": "36", "object_repr": "IngredientName object (36)", "action_flag": 1, "change_message": "[{\"added\": {}}]"}}, {"model": "admin.logentry", "pk": 37, "fields": {"action_time": "2022-02-17T11:05:45.506Z", "user": 1, "content_type": 9, "object_id": "37", "object_repr": "IngredientName object (37)", "action_flag": 1, "change_message": "[{\"added\": {}}]"}}, {"model": "admin.logentry", "pk": 38, "fields": {"action_time": "2022-02-17T11:05:50.789Z", "user": 1, "content_type": 9, "object_id": "38", "object_repr": "IngredientName object (38)", "action_flag": 1, "change_message": "[{\"added\": {}}]"}}, {"model": "admin.logentry", "pk": 39, "fields": {"action_time": "2022-02-17T11:05:55.248Z", "user": 1, "content_type": 9, "object_id": "39", "object_repr": "IngredientName object (39)", "action_flag": 1, "change_message": "[{\"added\": {}}]"}}, {"model": "admin.logentry", "pk": 40, "fields": {"action_time": "2022-02-17T11:06:02.814Z", "user": 1, "content_type": 9, "object_id": "40", "object_repr": "IngredientName object (40)", "action_flag": 1, "change_message": "[{\"added\": {}}]"}}, {"model": "admin.logentry", "pk": 41, "fields": {"action_time": "2022-02-17T11:06:09.940Z", "user": 1, "content_type": 9, "object_id": "41", "object_repr": "IngredientName object (41)", "action_flag": 1, "change_message": "[{\"added\": {}}]"}}, {"model": "admin.logentry", "pk": 42, "fields": {"action_time": "2022-02-17T11:06:18.813Z", "user": 1, "content_type": 9, "object_id": "42", "object_repr": "IngredientName object (42)", "action_flag": 1, "change_message": "[{\"added\": {}}]"}}, {"model": "admin.logentry", "pk": 43, "fields": {"action_time": "2022-02-17T11:06:25.999Z", "user": 1, "content_type": 9, "object_id": "43", "object_repr": "IngredientName object (43)", "action_flag": 1, "change_message": "[{\"added\": {}}]"}}, {"model": "admin.logentry", "pk": 44, "fields": {"action_time": "2022-02-17T11:06:38.805Z", "user": 1, "content_type": 9, "object_id": "44", "object_repr": "IngredientName object (44)", "action_flag": 1, "change_message": "[{\"added\": {}}]"}}, {"model": "admin.logentry", "pk": 45, "fields": {"action_time": "2022-02-17T11:06:43.705Z", "user": 1, "content_type": 9, "object_id": "45", "object_repr": "IngredientName object (45)", "action_flag": 1, "change_message": "[{\"added\": {}}]"}}, {"model": "admin.logentry", "pk": 46, "fields": {"action_time": "2022-02-17T11:06:49.313Z", "user": 1, "content_type": 9, "object_id": "46", "object_repr": "IngredientName object (46)", "action_flag": 1, "change_message": "[{\"added\": {}}]"}}, {"model": "admin.logentry", "pk": 47, "fields": {"action_time": "2022-02-17T11:06:54.365Z", "user": 1, "content_type": 9, "object_id": "47", "object_repr": "IngredientName object (47)", "action_flag": 1, "change_message": "[{\"added\": {}}]"}}, {"model": "admin.logentry", "pk": 48, "fields": {"action_time": "2022-02-17T11:07:05.505Z", "user": 1, "content_type": 9, "object_id": "48", "object_repr": "IngredientName object (48)", "action_flag": 1, "change_message": "[{\"added\": {}}]"}}, {"model": "admin.logentry", "pk": 49, "fields": {"action_time": "2022-02-17T11:07:13.828Z", "user": 1, "content_type": 9, "object_id": "49", "object_repr": "IngredientName object (49)", "action_flag": 1, "change_message": "[{\"added\": {}}]"}}, {"model": "admin.logentry", "pk": 50, "fields": {"action_time": "2022-02-17T11:07:18.381Z", "user": 1, "content_type": 9, "object_id": "50", "object_repr": "IngredientName object (50)", "action_flag": 1, "change_message": "[{\"added\": {}}]"}}, {"model": "admin.logentry", "pk": 51, "fields": {"action_time": "2022-02-17T11:07:53.856Z", "user": 1, "content_type": 9, "object_id": "51", "object_repr": "IngredientName object (51)", "action_flag": 1, "change_message": "[{\"added\": {}}]"}}, {"model": "admin.logentry", "pk": 52, "fields": {"action_time": "2022-02-17T11:08:02.559Z", "user": 1, "content_type": 9, "object_id": "52", "object_repr": "IngredientName object (52)", "action_flag": 1, "change_message": "[{\"added\": {}}]"}}, {"model": "admin.logentry", "pk": 53, "fields": {"action_time": "2022-02-17T11:08:10.845Z", "user": 1, "content_type": 9, "object_id": "53", "object_repr": "IngredientName object (53)", "action_flag": 1, "change_message": "[{\"added\": {}}]"}}, {"model": "admin.logentry", "pk": 54, "fields": {"action_time": "2022-02-17T11:08:18.632Z", "user": 1, "content_type": 9, "object_id": "54", "object_repr": "IngredientName object (54)", "action_flag": 1, "change_message": "[{\"added\": {}}]"}}, {"model": "admin.logentry", "pk": 55, "fields": {"action_time": "2022-02-17T11:08:33.554Z", "user": 1, "content_type": 9, "object_id": "55", "object_repr": "IngredientName object (55)", "action_flag": 1, "change_message": "[{\"added\": {}}]"}}, {"model": "admin.logentry", "pk": 56, "fields": {"action_time": "2022-02-17T11:08:38.006Z", "user": 1, "content_type": 9, "object_id": "56", "object_repr": "IngredientName object (56)", "action_flag": 1, "change_message": "[{\"added\": {}}]"}}, {"model": "admin.logentry", "pk": 57, "fields": {"action_time": "2022-02-17T11:08:43.533Z", "user": 1, "content_type": 9, "object_id": "57", "object_repr": "IngredientName object (57)", "action_flag": 1, "change_message": "[{\"added\": {}}]"}}, {"model": "admin.logentry", "pk": 58, "fields": {"action_time": "2022-02-17T11:08:48.662Z", "user": 1, "content_type": 9, "object_id": "58", "object_repr": "IngredientName object (58)", "action_flag": 1, "change_message": "[{\"added\": {}}]"}}, {"model": "admin.logentry", "pk": 59, "fields": {"action_time": "2022-02-17T11:08:53.133Z", "user": 1, "content_type": 9, "object_id": "59", "object_repr": "IngredientName object (59)", "action_flag": 1, "change_message": "[{\"added\": {}}]"}}, {"model": "admin.logentry", "pk": 60, "fields": {"action_time": "2022-02-17T11:09:06.731Z", "user": 1, "content_type": 9, "object_id": "60", "object_repr": "IngredientName object (60)", "action_flag": 1, "change_message": "[{\"added\": {}}]"}}, {"model": "admin.logentry", "pk": 61, "fields": {"action_time": "2022-02-17T11:09:17.204Z", "user": 1, "content_type": 9, "object_id": "61", "object_repr": "IngredientName object (61)", "action_flag": 1, "change_message": "[{\"added\": {}}]"}}, {"model": "admin.logentry", "pk": 62, "fields": {"action_time": "2022-02-17T11:09:22.271Z", "user": 1, "content_type": 9, "object_id": "62", "object_repr": "IngredientName object (62)", "action_flag": 1, "change_message": "[{\"added\": {}}]"}}, {"model": "admin.logentry", "pk": 63, "fields": {"action_time": "2022-02-17T11:09:30.965Z", "user": 1, "content_type": 9, "object_id": "63", "object_repr": "IngredientName object (63)", "action_flag": 1, "change_message": "[{\"added\": {}}]"}}, {"model": "admin.logentry", "pk": 64, "fields": {"action_time": "2022-02-17T11:09:44.554Z", "user": 1, "content_type": 9, "object_id": "64", "object_repr": "IngredientName object (64)", "action_flag": 1, "change_message": "[{\"added\": {}}]"}}, {"model": "admin.logentry", "pk": 65, "fields": {"action_time": "2022-02-17T11:09:51.041Z", "user": 1, "content_type": 9, "object_id": "65", "object_repr": "IngredientName object (65)", "action_flag": 1, "change_message": "[{\"added\": {}}]"}}, {"model": "admin.logentry", "pk": 66, "fields": {"action_time": "2022-02-17T11:10:03.099Z", "user": 1, "content_type": 9, "object_id": "66", "object_repr": "IngredientName object (66)", "action_flag": 1, "change_message": "[{\"added\": {}}]"}}, {"model": "admin.logentry", "pk": 67, "fields": {"action_time": "2022-02-17T11:10:09.444Z", "user": 1, "content_type": 9, "object_id": "67", "object_repr": "IngredientName object (67)", "action_flag": 1, "change_message": "[{\"added\": {}}]"}}, {"model": "admin.logentry", "pk": 68, "fields": {"action_time": "2022-02-17T11:10:19.056Z", "user": 1, "content_type": 9, "object_id": "68", "object_repr": "IngredientName object (68)", "action_flag": 1, "change_message": "[{\"added\": {}}]"}}, {"model": "admin.logentry", "pk": 69, "fields": {"action_time": "2022-02-17T11:10:39.332Z", "user": 1, "content_type": 9, "object_id": "69", "object_repr": "IngredientName object (69)", "action_flag": 1, "change_message": "[{\"added\": {}}]"}}, {"model": "admin.logentry", "pk": 70, "fields": {"action_time": "2022-02-17T11:10:49.881Z", "user": 1, "content_type": 9, "object_id": "70", "object_repr": "IngredientName object (70)", "action_flag": 1, "change_message": "[{\"added\": {}}]"}}, {"model": "admin.logentry", "pk": 71, "fields": {"action_time": "2022-02-17T11:15:57.945Z", "user": 1, "content_type": 8, "object_id": "1", "object_repr": "Category object (1)", "action_flag": 1, "change_message": "[{\"added\": {}}]"}}, {"model": "admin.logentry", "pk": 72, "fields": {"action_time": "2022-02-17T11:16:15.975Z", "user": 1, "content_type": 8, "object_id": "2", "object_repr": "Category object (2)", "action_flag": 1, "change_message": "[{\"added\": {}}]"}}, {"model": "admin.logentry", "pk": 73, "fields": {"action_time": "2022-02-17T11:16:36.651Z", "user": 1, "content_type": 8, "object_id": "3", "object_repr": "Category object (3)", "action_flag": 1, "change_message": "[{\"added\": {}}]"}}, {"model": "admin.logentry", "pk": 74, "fields": {"action_time": "2022-02-17T11:16:52.534Z", "user": 1, "content_type": 8, "object_id": "4", "object_repr": "Category object (4)", "action_flag": 1, "change_message": "[{\"added\": {}}]"}}, {"model": "admin.logentry", "pk": 75, "fields": {"action_time": "2022-02-17T11:17:22.502Z", "user": 1, "content_type": 8, "object_id": "5", "object_repr": "Category object (5)", "action_flag": 1, "change_message": "[{\"added\": {}}]"}}, {"model": "admin.logentry", "pk": 76, "fields": {"action_time": "2022-02-17T11:17:29.549Z", "user": 1, "content_type": 8, "object_id": "6", "object_repr": "Category object (6)", "action_flag": 1, "change_message": "[{\"added\": {}}]"}}, {"model": "admin.logentry", "pk": 77, "fields": {"action_time": "2022-02-17T11:17:55.843Z", "user": 1, "content_type": 8, "object_id": "7", "object_repr": "Category object (7)", "action_flag": 1, "change_message": "[{\"added\": {}}]"}}, {"model": "admin.logentry", "pk": 78, "fields": {"action_time": "2022-02-17T11:18:20.284Z", "user": 1, "content_type": 8, "object_id": "8", "object_repr": "Category object (8)", "action_flag": 1, "change_message": "[{\"added\": {}}]"}}, {"model": "admin.logentry", "pk": 79, "fields": {"action_time": "2022-02-17T11:42:47.157Z", "user": 1, "content_type": 7, "object_id": "4", "object_repr": "Борщ", "action_flag": 1, "change_message": "[{\"added\": {}}, {\"added\": {\"name\": \"\\u0438\\u043d\\u0433\\u0440\\u0435\\u0434\\u0438\\u0435\\u043d\\u0442\", \"object\": \"\\u0413\\u043e\\u0432\\u044f\\u0434\\u0438\\u043d\\u0430\"}}, {\"added\": {\"name\": \"\\u0438\\u043d\\u0433\\u0440\\u0435\\u0434\\u0438\\u0435\\u043d\\u0442\", \"object\": \"\\u0421\\u0432\\u0435\\u043a\\u043b\\u0430\"}}, {\"added\": {\"name\": \"\\u0438\\u043d\\u0433\\u0440\\u0435\\u0434\\u0438\\u0435\\u043d\\u0442\", \"object\": \"\\u0421\\u043e\\u043b\\u044c\"}}]"}}, {"model": "admin.logentry", "pk": 80, "fields": {"action_time": "2022-02-17T11:46:40.902Z", "user": 1, "content_type": 7, "object_id": "5", "object_repr": "Салат из лука", "action_flag": 1, "change_message": "[{\"added\": {}}, {\"added\": {\"name\": \"\\u0438\\u043d\\u0433\\u0440\\u0435\\u0434\\u0438\\u0435\\u043d\\u0442\", \"object\": \"\\u041b\\u0443\\u043a\"}}, {\"added\": {\"name\": \"\\u0438\\u043d\\u0433\\u0440\\u0435\\u0434\\u0438\\u0435\\u043d\\u0442\", \"object\": \"\\u0421\\u043e\\u043b\\u044c\"}}, {\"added\": {\"name\": \"\\u0438\\u043d\\u0433\\u0440\\u0435\\u0434\\u0438\\u0435\\u043d\\u0442\", \"object\": \"\\u041c\\u0430\\u0441\\u043b\\u043e \\u0440\\u0430\\u0441\\u0442\\u0438\\u0442\\u0435\\u043b\\u044c\\u043d\\u043e\\u0435\"}}]"}}, {"model": "admin.logentry", "pk": 81, "fields": {"action_time": "2022-02-17T11:48:24.380Z", "user": 1, "content_type": 7, "object_id": "6", "object_repr": "Гречневая каша", "action_flag": 1, "change_message": "[{\"added\": {}}, {\"added\": {\"name\": \"\\u0438\\u043d\\u0433\\u0440\\u0435\\u0434\\u0438\\u0435\\u043d\\u0442\", \"object\": \"\\u0421\\u0432\\u0438\\u043d\\u0438\\u043d\\u0430\"}}]"}}, {"model": "admin.logentry", "pk": 82, "fields": {"action_time": "2022-02-17T11:56:45.597Z", "user": 1, "content_type": 3, "object_id": "1", "object_repr": "registered", "action_flag": 1, "change_message": "[{\"added\": {}}]"}}, {"model": "admin.logentry", "pk": 83, "fields": {"action_time": "2022-02-17T11:57:29.525Z", "user": 1, "content_type": 4, "object_id": "2", "object_repr": "reg@ru.ru", "action_flag": 1, "change_message": "[{\"added\": {}}]"}}, {"model": "admin.logentry", "pk": 84, "fields": {"action_time": "2022-02-17T11:58:06.444Z", "user": 1, "content_type": 4, "object_id": "2", "object_repr": "reg@ru.ru", "action_flag": 2, "change_message": "[{\"changed\": {\"fields\": [\"First name\", \"Groups\"]}}]"}}, {"model": "admin.logentry", "pk": 85, "fields": {"action_time": "2022-02-17T12:01:18.568Z", "user": 1, "content_type": 4, "object_id": "2", "object_repr": "reg@ru.ru", "action_flag": 2, "change_message": "[{\"changed\": {\"fields\": [\"Staff status\"]}}]"}}, {"model": "admin.logentry", "pk": 88, "fields": {"action_time": "2022-02-18T17:43:20.367Z", "user": 5, "content_type": 7, "object_id": "9", "object_repr": "dffds", "action_flag": 1, "change_message": "[{\"added\": {}}, {\"added\": {\"name\": \"\\u0438\\u043d\\u0433\\u0440\\u0435\\u0434\\u0438\\u0435\\u043d\\u0442\", \"object\": \"\\u041c\\u043e\\u0440\\u043a\\u043e\\u0432\\u044c\"}}]"}}, {"model": "admin.logentry", "pk": 89, "fields": {"action_time": "2022-02-18T17:49:48.864Z", "user": 5, "content_type": 7, "object_id": "10", "object_repr": "frrefe", "action_flag": 1, "change_message": "[{\"added\": {}}, {\"added\": {\"name\": \"\\u0438\\u043d\\u0433\\u0440\\u0435\\u0434\\u0438\\u0435\\u043d\\u0442\", \"object\": \"\\u0418\\u043c\\u0431\\u0438\\u0440\\u044c\"}}]"}}, {"model": "admin.logentry", "pk": 90, "fields": {"action_time": "2022-02-18T17:51:45.447Z", "user": 1, "content_type": 4, "object_id": "4", "object_repr": "gorbunov", "action_flag": 3, "change_message": ""}}, {"model": "admin.logentry", "pk": 91, "fields": {"action_time": "2022-02-18T17:51:51.411Z", "user": 1, "content_type": 4, "object_id": "3", "object_repr": "shiga", "action_flag": 3, "change_message": ""}}, {"model": "admin.logentry", "pk": 92, "fields": {"action_time": "2022-02-18T17:53:28.767Z", "user": 1, "content_type": 3, "object_id": "1", "object_repr": "registered", "action_flag": 2, "change_message": "[{\"changed\": {\"fields\": [\"Permissions\"]}}]"}}, {"model": "admin.logentry", "pk": 93, "fields": {"action_time": "2022-02-18T17:54:50.960Z", "user": 5, "content_type": 7, "object_id": "8", "object_repr": "Рыба в кляре", "action_flag": 2, "change_message": "[]"}}, {"model": "admin.logentry", "pk": 94, "fields": {"action_time": "2022-02-18T17:55:37.835Z", "user": 1, "content_type": 4, "object_id": "5", "object_repr": "test", "action_flag": 2, "change_message": "[{\"changed\": {\"fields\": [\"Groups\"]}}]"}}, {"model": "admin.logentry", "pk": 95, "fields": {"action_time": "2022-02-18T17:57:21.434Z", "user": 1, "content_type": 4, "object_id": "5", "object_repr": "test", "action_flag": 2, "change_message": "[{\"changed\": {\"fields\": [\"Groups\"]}}]"}}, {"model": "admin.logentry", "pk": 96, "fields": {"action_time": "2022-02-18T17:59:36.353Z", "user": 1, "content_type": 3, "object_id": "1", "object_repr": "registered", "action_flag": 2, "change_message": "[{\"changed\": {\"fields\": [\"Permissions\"]}}]"}}, {"model": "admin.logentry", "pk": 97, "fields": {"action_time": "2022-02-18T18:01:46.349Z", "user": 1, "content_type": 3, "object_id": "1", "object_repr": "registered", "action_flag": 2, "change_message": "[{\"changed\": {\"fields\": [\"Permissions\"]}}]"}}, {"model": "admin.logentry", "pk": 98, "fields": {"action_time": "2022-02-18T18:02:24.034Z", "user": 5, "content_type": 7, "object_id": "11", "object_repr": "dsfdsf", "action_flag": 1, "change_message": "[{\"added\": {}}, {\"added\": {\"name\": \"\\u0438\\u043d\\u0433\\u0440\\u0435\\u0434\\u0438\\u0435\\u043d\\u0442\", \"object\": \"\\u0411\\u0430\\u043a\\u043b\\u0430\\u0436\\u0430\\u043d\"}}]"}}, {"model": "admin.logentry", "pk": 101, "fields": {"action_time": "2022-02-18T20:32:56.316Z", "user": 1, "content_type": 3, "object_id": "1", "object_repr": "registered", "action_flag": 2, "change_message": "[{\"changed\": {\"fields\": [\"Permissions\"]}}]"}}, {"model": "admin.logentry", "pk": 102, "fields": {"action_time": "2022-02-18T20:33:09.197Z", "user": 5, "content_type": 7, "object_id": "11", "object_repr": "dsfdsf", "action_flag": 2, "change_message": "[{\"changed\": {\"fields\": [\"\\u0410\\u0432\\u0442\\u043e\\u0440\"]}}]"}}, {"model": "admin.logentry", "pk": 103, "fields": {"action_time": "2022-02-19T10:16:48.776Z", "user": 1, "content_type": 7, "object_id": "12", "object_repr": "Hi", "action_flag": 3, "change_message": ""}}, {"model": "admin.logentry", "pk": 104, "fields": {"action_time": "2022-02-19T10:16:59.877Z", "user": 1, "content_type": 7, "object_id": "13", "object_repr": "fdsk l fs", "action_flag": 3, "change_message": ""}}, {"model": "admin.logentry", "pk": 105, "fields": {"action_time": "2022-02-19T10:17:03.749Z", "user": 1, "content_type": 7, "object_id": "11", "object_repr": "dsfdsf", "action_flag": 3, "change_message": ""}}, {"model": "admin.logentry", "pk": 106, "fields": {"action_time": "2022-02-19T10:17:07.230Z", "user": 1, "content_type": 7, "object_id": "10", "object_repr": "frrefe", "action_flag": 3, "change_message": ""}}, {"model": "admin.logentry", "pk": 107, "fields": {"action_time": "2022-02-19T10:17:10.781Z", "user": 1, "content_type": 7, "object_id": "9", "object_repr": "dffds", "action_flag": 3, "change_message": ""}}, {"model": "admin.logentry", "pk": 108, "fields": {"action_time": "2022-02-19T11:01:19.735Z", "user": 1, "content_type": 7, "object_id": "14", "object_repr": "Паста карбанара", "action_flag": 1, "change_message": "[{\"added\": {}}, {\"added\": {\"name\": \"\\u0438\\u043d\\u0433\\u0440\\u0435\\u0434\\u0438\\u0435\\u043d\\u0442\", \"object\": \"\\u0425\\u043b\\u0435\\u0431\"}}, {\"added\": {\"name\": \"\\u0438\\u043d\\u0433\\u0440\\u0435\\u0434\\u0438\\u0435\\u043d\\u0442\", \"object\": \"\\u0411\\u0440\\u043e\\u043a\\u043a\\u043e\\u043b\\u0438\"}}, {\"added\": {\"name\": \"\\u0438\\u043d\\u0433\\u0440\\u0435\\u0434\\u0438\\u0435\\u043d\\u0442\", \"object\": \"\\u0421\\u0432\\u0438\\u043d\\u0438\\u043d\\u0430\"}}, {\"added\": {\"name\": \"\\u0438\\u043d\\u0433\\u0440\\u0435\\u0434\\u0438\\u0435\\u043d\\u0442\", \"object\": \"\\u041a\\u0443\\u0440\\u0438\\u0446\\u0430\"}}, {\"added\": {\"name\": \"\\u0438\\u043d\\u0433\\u0440\\u0435\\u0434\\u0438\\u0435\\u043d\\u0442\", \"object\": \"\\u0411\\u0430\\u043a\\u043b\\u0430\\u0436\\u0430\\u043d\"}}, {\"added\": {\"name\": \"\\u0438\\u043d\\u0433\\u0440\\u0435\\u0434\\u0438\\u0435\\u043d\\u0442\", \"object\": \"\\u0421\\u0430\\u043b\\u0430\\u0442\"}}, {\"added\": {\"name\": \"\\u0438\\u043d\\u0433\\u0440\\u0435\\u0434\\u0438\\u0435\\u043d\\u0442\", \"object\": \"\\u0418\\u043c\\u0431\\u0438\\u0440\\u044c\"}}, {\"added\": {\"name\": \"\\u0438\\u043d\\u0433\\u0440\\u0435\\u0434\\u0438\\u0435\\u043d\\u0442\", \"object\": \"\\u041c\\u043e\\u0440\\u0441\\u043a\\u043e\\u0439 \\u043e\\u043a\\u0443\\u043d\\u044c\"}}, {\"added\": {\"name\": \"\\u0438\\u043d\\u0433\\u0440\\u0435\\u0434\\u0438\\u0435\\u043d\\u0442\", \"object\": \"\\u0410\\u043f\\u0435\\u043b\\u044c\\u0441\\u0438\\u043d\"}}, {\"added\": {\"name\": \"\\u0438\\u043d\\u0433\\u0440\\u0435\\u0434\\u0438\\u0435\\u043d\\u0442\", \"object\": \"\\u0417\\u0438\\u0440\\u0430\"}}]"}}, {"model": "admin.logentry", "pk": 109, "fields": {"action_time": "2022-02-19T13:20:16.133Z", "user": 1, "content_type": 7, "object_id": "15", "object_repr": "Салат из Бакллажанов", "action_flag": 1, "change_message": "[{\"added\": {}}, {\"added\": {\"name\": \"\\u0438\\u043d\\u0433\\u0440\\u0435\\u0434\\u0438\\u0435\\u043d\\u0442\", \"object\": \"\\u0411\\u0430\\u043a\\u043b\\u0430\\u0436\\u0430\\u043d\"}}, {\"added\": {\"name\": \"\\u0438\\u043d\\u0433\\u0440\\u0435\\u0434\\u0438\\u0435\\u043d\\u0442\", \"object\": \"\\u0425\\u043b\\u0435\\u0431\"}}]"}}, {"model": "admin.logentry", "pk": 110, "fields": {"action_time": "2022-02-19T17:13:08.900Z", "user": 1, "content_type": 7, "object_id": "15", "object_repr": "Салат из Бакллажанов", "action_flag": 3, "change_message": ""}}, {"model": "admin.logentry", "pk": 111, "fields": {"action_time": "2022-02-19T17:13:08.910Z", "user": 1, "content_type": 7, "object_id": "14", "object_repr": "Паста карбанара", "action_flag": 3, "change_message": ""}}, {"model": "admin.logentry", "pk": 112, "fields": {"action_time": "2022-02-19T17:13:08.912Z", "user": 1, "content_type": 7, "object_id": "8", "object_repr": "Рыба в кляре", "action_flag": 3, "change_message": ""}}, {"model": "admin.logentry", "pk": 113, "fields": {"action_time": "2022-02-19T17:13:08.912Z", "user": 1, "content_type": 7, "object_id": "7", "object_repr": "Пирог с капустой", "action_flag": 3, "change_message": ""}}, {"model": "admin.logentry", "pk": 114, "fields": {"action_time": "2022-02-19T17:13:08.913Z", "user": 1, "content_type": 7, "object_id": "6", "object_repr": "Гречневая каша", "action_flag": 3, "change_message": ""}}, {"model": "admin.logentry", "pk": 115, "fields": {"action_time": "2022-02-19T17:13:08.913Z", "user": 1, "content_type": 7, "object_id": "5", "object_repr": "Салат из лука", "action_flag": 3, "change_message": ""}}, {"model": "admin.logentry", "pk": 116, "fields": {"action_time": "2022-02-19T17:13:08.914Z", "user": 1, "content_type": 7, "object_id": "4", "object_repr": "Борщ", "action_flag": 3, "change_message": ""}}, {"model": "admin.logentry", "pk": 117, "fields": {"action_time": "2022-02-19T21:50:00.927Z", "user": 1, "content_type": 7, "object_id": "115", "object_repr": "Греческий салат", "action_flag": 2, "change_message": "[{\"changed\": {\"name\": \"\\u0438\\u043d\\u0433\\u0440\\u0435\\u0434\\u0438\\u0435\\u043d\\u0442\", \"object\": \"\\u0421\\u043e\\u0435\\u0432\\u044b\\u0439 \\u0441\\u043e\\u0443\\u0441\", \"fields\": [\"\\u041d\\u0430\\u0437\\u0432\\u0430\\u043d\\u0438\\u0435\"]}}]"}}, {"model": "admin.logentry", "pk": 118, "fields": {"action_time": "2022-02-19T21:50:17.037Z", "user": 1, "content_type": 7, "object_id": "115", "object_repr": "Греческий салат", "action_flag": 3, "change_message": ""}}, {"model": "admin.logentry", "pk": 119, "fields": {"action_time": "2022-02-19T21:53:34.295Z", "user": 1, "content_type": 4, "object_id": "6", "object_repr": "hi", "action_flag": 3, "change_message": ""}}, {"model": "admin.logentry", "pk": 120, "fields": {"action_time": "2022-02-19T21:53:47.755Z", "user": 1, "content_type": 4, "object_id": "7", "object_repr": "Igor", "action_flag": 3, "change_message": ""}}, {"model": "admin.logentry", "pk": 121, "fields": {"action_time": "2022-02-19T21:53:54.153Z", "user": 1, "content_type": 4, "object_id": "2", "object_repr": "reg@ru.ru", "action_flag": 3, "change_message": ""}}, {"model": "auth.permission", "pk": 1, "fields": {"name": "Can add log entry", "content_type": 1, "codename": "add_logentry"}}, {"model": "auth.permission", "pk": 2, "fields": {"name": "Can change log entry", "content_type": 1, "codename": "change_logentry"}}, {"model": "auth.permission", "pk": 3, "fields": {"name": "Can delete log entry", "content_type": 1, "codename": "delete_logentry"}}, {"model": "auth.permission", "pk": 4, "fields": {"name": "Can view log entry", "content_type": 1, "codename": "view_logentry"}}, {"model": "auth.permission", "pk": 5, "fields": {"name": "Can add permission", "content_type": 2, "codename": "add_permission"}}, {"model": "auth.permission", "pk": 6, "fields": {"name": "Can change permission", "content_type": 2, "codename": "change_permission"}}, {"model": "auth.permission", "pk": 7, "fields": {"name": "Can delete permission", "content_type": 2, "codename": "delete_permission"}}, {"model": "auth.permission", "pk": 8, "fields": {"name": "Can view permission", "content_type": 2, "codename": "view_permission"}}, {"model": "auth.permission", "pk": 9, "fields": {"name": "Can add group", "content_type": 3, "codename": "add_group"}}, {"model": "auth.permission", "pk": 10, "fields": {"name": "Can change group", "content_type": 3, "codename": "change_group"}}, {"model": "auth.permission", "pk": 11, "fields": {"name": "Can delete group", "content_type": 3, "codename": "delete_group"}}, {"model": "auth.permission", "pk": 12, "fields": {"name": "Can view group", "content_type": 3, "codename": "view_group"}}, {"model": "auth.permission", "pk": 13, "fields": {"name": "Can add user", "content_type": 4, "codename": "add_user"}}, {"model": "auth.permission", "pk": 14, "fields": {"name": "Can change user", "content_type": 4, "codename": "change_user"}}, {"model": "auth.permission", "pk": 15, "fields": {"name": "Can delete user", "content_type": 4, "codename": "delete_user"}}, {"model": "auth.permission", "pk": 16, "fields": {"name": "Can view user", "content_type": 4, "codename": "view_user"}}, {"model": "auth.permission", "pk": 17, "fields": {"name": "Can add content type", "content_type": 5, "codename": "add_contenttype"}}, {"model": "auth.permission", "pk": 18, "fields": {"name": "Can change content type", "content_type": 5, "codename": "change_contenttype"}}, {"model": "auth.permission", "pk": 19, "fields": {"name": "Can delete content type", "content_type": 5, "codename": "delete_contenttype"}}, {"model": "auth.permission", "pk": 20, "fields": {"name": "Can view content type", "content_type": 5, "codename": "view_contenttype"}}, {"model": "auth.permission", "pk": 21, "fields": {"name": "Can add session", "content_type": 6, "codename": "add_session"}}, {"model": "auth.permission", "pk": 22, "fields": {"name": "Can change session", "content_type": 6, "codename": "change_session"}}, {"model": "auth.permission", "pk": 23, "fields": {"name": "Can delete session", "content_type": 6, "codename": "delete_session"}}, {"model": "auth.permission", "pk": 24, "fields": {"name": "Can view session", "content_type": 6, "codename": "view_session"}}, {"model": "auth.permission", "pk": 25, "fields": {"name": "Can add recipe", "content_type": 7, "codename": "add_recipe"}}, {"model": "auth.permission", "pk": 26, "fields": {"name": "Can change recipe", "content_type": 7, "codename": "change_recipe"}}, {"model": "auth.permission", "pk": 27, "fields": {"name": "Can delete recipe", "content_type": 7, "codename": "delete_recipe"}}, {"model": "auth.permission", "pk": 28, "fields": {"name": "Can view recipe", "content_type": 7, "codename": "view_recipe"}}, {"model": "auth.permission", "pk": 29, "fields": {"name": "Can add category", "content_type": 8, "codename": "add_category"}}, {"model": "auth.permission", "pk": 30, "fields": {"name": "Can change category", "content_type": 8, "codename": "change_category"}}, {"model": "auth.permission", "pk": 31, "fields": {"name": "Can delete category", "content_type": 8, "codename": "delete_category"}}, {"model": "auth.permission", "pk": 32, "fields": {"name": "Can view category", "content_type": 8, "codename": "view_category"}}, {"model": "auth.permission", "pk": 33, "fields": {"name": "Can add ingredient name", "content_type": 9, "codename": "add_ingredientname"}}, {"model": "auth.permission", "pk": 34, "fields": {"name": "Can change ingredient name", "content_type": 9, "codename": "change_ingredientname"}}, {"model": "auth.permission", "pk": 35, "fields": {"name": "Can delete ingredient name", "content_type": 9, "codename": "delete_ingredientname"}}, {"model": "auth.permission", "pk": 36, "fields": {"name": "Can view ingredient name", "content_type": 9, "codename": "view_ingredientname"}}, {"model": "auth.permission", "pk": 37, "fields": {"name": "Can add ingredient", "content_type": 10, "codename": "add_ingredient"}}, {"model": "auth.permission", "pk": 38, "fields": {"name": "Can change ingredient", "content_type": 10, "codename": "change_ingredient"}}, {"model": "auth.permission", "pk": 39, "fields": {"name": "Can delete ingredient", "content_type": 10, "codename": "delete_ingredient"}}, {"model": "auth.permission", "pk": 40, "fields": {"name": "Can view ingredient", "content_type": 10, "codename": "view_ingredient"}}, {"model": "auth.group", "pk": 1, "fields": {"name": "registered", "permissions": [37, 25, 26, 28]}}, {"model": "auth.user", "pk": 1, "fields": {"password": "pbkdf2_sha256$260000$T8QuJTdQs7CEBYMwalrw1H$awHa1ADXDL0YfzbpZcQYZSlm7WsKJpXRedRD/RyhEts=", "last_login": "2022-02-19T21:49:12.567Z", "is_superuser": true, "username": "admin@ru.ru", "first_name": "", "last_name": "", "email": "admin@ru.ru", "is_staff": true, "is_active": true, "date_joined": "2022-02-17T10:43:32.514Z", "groups": [], "user_permissions": []}}, {"model": "auth.user", "pk": 5, "fields": {"password": "pbkdf2_sha256$260000$vQdHCPnPtDlU1tseY93faq$9vT7vH9rS6aygqN8ihvsPaLsfCE+KTfMzgfaYgOB7tA=", "last_login": "2022-02-19T17:57:09.473Z", "is_superuser": false, "username": "test", "first_name": "", "last_name": "", "email": "", "is_staff": true, "is_active": true, "date_joined": "2022-02-18T14:38:02Z", "groups": [1], "user_permissions": []}}, {"model": "contenttypes.contenttype", "pk": 1, "fields": {"app_label": "admin", "model": "logentry"}}, {"model": "contenttypes.contenttype", "pk": 2, "fields": {"app_label": "auth", "model": "permission"}}, {"model": "contenttypes.contenttype", "pk": 3, "fields": {"app_label": "auth", "model": "group"}}, {"model": "contenttypes.contenttype", "pk": 4, "fields": {"app_label": "auth", "model": "user"}}, {"model": "contenttypes.contenttype", "pk": 5, "fields": {"app_label": "contenttypes", "model": "contenttype"}}, {"model": "contenttypes.contenttype", "pk": 6, "fields": {"app_label": "sessions", "model": "session"}}, {"model": "contenttypes.contenttype", "pk": 7, "fields": {"app_label": "app_book", "model": "recipe"}}, {"model": "contenttypes.contenttype", "pk": 8, "fields": {"app_label": "app_book", "model": "category"}}, {"model": "contenttypes.contenttype", "pk": 9, "fields": {"app_label": "app_book", "model": "ingredientname"}}, {"model": "contenttypes.contenttype", "pk": 10, "fields": {"app_label": "app_book", "model": "ingredient"}}, {"model": "sessions.session", "pk": "k5cl8gwth6p1z6dn23i3wa0xgky9jq7z", "fields": {"session_data": ".eJxVjDEOAiEQRe9CbQgIAmNp7xnIMAyyaiBZdivj3XWTLbT9773_EhHXpcZ18BynLM5Ci8PvlpAe3DaQ79huXVJvyzwluSlyp0Nee-bnZXf_DiqO-q0NBqUsZO9IB1USWo1UnEfnGbxGbaEQG8gcEh3TKTtTQIMCckyusHh_AOblOHU:1nLXbM:q9lBVw--x66NqI1xZtgnifEbJo7TKqLhJT_5r6TTEmc", "expire_date": "2022-03-05T21:49:12.573Z"}}, {"model": "sessions.session", "pk": "qrq85fvsbwfqupfmt99o565xrvxidqq2", "fields": {"session_data": "e30:1nL4AZ:hzwIXmHWJln89_h2nhM6nndF4F3RB52NZp_rlOso0es", "expire_date": "2022-03-04T14:23:35.714Z"}}, {"model": "sessions.session", "pk": "wd4w86gbuahbfxr1pvm3yx75afoqrnjk", "fields": {"session_data": ".eJxVjDEOwjAMRe-SGUV1G8sNIztnqBzbpQWUSE07Ie4OlTrA-t97_-UG3tZp2Kotw6zu7NCdfrfE8rC8A71zvhUvJa_LnPyu-INWfy1qz8vh_h1MXKdvTRDIgBCJoGGWxjREFgyJVXsEtAgk3dhbRO1Gk5ig69tIZNK0Qd37A91UN-Q:1nL4OY:opYOHAl_cyeq43ZAtaEV7kBG_V4ehZUhJTYYCv6tZ7g", "expire_date": "2022-03-04T14:38:02.823Z"}}, {"model": "app_book.category", "pk": 1, "fields": {"name": "Супы", "description": ""}}, {"model": "app_book.category", "pk": 2, "fields": {"name": "Вторые блюда", "description": ""}}, {"model": "app_book.category", "pk": 3, "fields": {"name": "Салаты", "description": ""}}, {"model": "app_book.category", "pk": 4, "fields": {"name": "Закуски", "description": ""}}, {"model": "app_book.category", "pk": 5, "fields": {"name": "Выпечка", "description": ""}}, {"model": "app_book.category", "pk": 6, "fields": {"name": "Десерты", "description": ""}}, {"model": "app_book.category", "pk": 7, "fields": {"name": "Каши", "description": ""}}, {"model": "app_book.category", "pk": 8, "fields": {"name": "Национальные", "description": ""}}, {"model": "app_book.recipe", "pk": 16, "fields": {"title": "Сырный кекс", "content": "Равным образом постоянное информационно-пропагандистское обеспечение нашей деятельности влечет за собой процесс внедрения и модернизации соответствующий условий активизации. Задача организации, в особенности же укрепление и развитие структуры позволяет оценить значение систем массового участия. Задача организации, в особенности же постоянное информационно-пропагандистское обеспечение нашей деятельности требуют определения и уточнения модели развития. Идейные соображения высшего порядка, а также дальнейшее развитие различных форм деятельности требуют определения и уточнения дальнейших направлений развития. Разнообразный и богатый опыт постоянный количественный рост и сфера нашей активности позволяет выполнять важные задания по разработке направлений прогрессивного развития.", "created_at": "2022-02-19T17:52:05.646Z", "image": "", "author": "Павел Валерьевич", "category": 1, "user": null}}, {"model": "app_book.recipe", "pk": 17, "fields": {"title": "Вяленые помидоры в духовке", "content": "Равным образом постоянное информационно-пропагандистское обеспечение нашей деятельности влечет за собой процесс внедрения и модернизации соответствующий условий активизации. Задача организации, в особенности же укрепление и развитие структуры позволяет оценить значение систем массового участия. Задача организации, в особенности же постоянное информационно-пропагандистское обеспечение нашей деятельности требуют определения и уточнения модели развития. Идейные соображения высшего порядка, а также дальнейшее развитие различных форм деятельности требуют определения и уточнения дальнейших направлений развития. Разнообразный и богатый опыт постоянный количественный рост и сфера нашей активности позволяет выполнять важные задания по разработке направлений прогрессивного развития.", "created_at": "2022-02-19T17:52:05.656Z", "image": "", "author": "Иван Васильевич", "category": 4, "user": null}}, {"model": "app_book.recipe", "pk": 18, "fields": {"title": "Домашние котлеты", "content": "Равным образом постоянное информационно-пропагандистское обеспечение нашей деятельности влечет за собой процесс внедрения и модернизации соответствующий условий активизации. Задача организации, в особенности же укрепление и развитие структуры позволяет оценить значение систем массового участия. Задача организации, в особенности же постоянное информационно-пропагандистское обеспечение нашей деятельности требуют определения и уточнения модели развития. Идейные соображения высшего порядка, а также дальнейшее развитие различных форм деятельности требуют определения и уточнения дальнейших направлений развития. Разнообразный и богатый опыт постоянный количественный рост и сфера нашей активности позволяет выполнять важные задания по разработке направлений прогрессивного развития.", "created_at": "2022-02-19T17:52:05.673Z", "image": "", "author": "Олег Николаевич", "category": 8, "user": null}}, {"model": "app_book.recipe", "pk": 19, "fields": {"title": "Фондю с сыром Камамбер", "content": "Равным образом постоянное информационно-пропагандистское обеспечение нашей деятельности влечет за собой процесс внедрения и модернизации соответствующий условий активизации. Задача организации, в особенности же укрепление и развитие структуры позволяет оценить значение систем массового участия. Задача организации, в особенности же постоянное информационно-пропагандистское обеспечение нашей деятельности требуют определения и уточнения модели развития. Идейные соображения высшего порядка, а также дальнейшее развитие различных форм деятельности требуют определения и уточнения дальнейших направлений развития. Разнообразный и богатый опыт постоянный количественный рост и сфера нашей активности позволяет выполнять важные задания по разработке направлений прогрессивного развития.", "created_at": "2022-02-19T17:52:05.690Z", "image": "", "author": "Артем Артемов", "category": 7, "user": null}}, {"model": "app_book.recipe", "pk": 20, "fields": {"title": "Паста с сёмгой в сливочном соусе", "content": "Равным образом постоянное информационно-пропагандистское обеспечение нашей деятельности влечет за собой процесс внедрения и модернизации соответствующий условий активизации. Задача организации, в особенности же укрепление и развитие структуры позволяет оценить значение систем массового участия. Задача организации, в особенности же постоянное информационно-пропагандистское обеспечение нашей деятельности требуют определения и уточнения модели развития. Идейные соображения высшего порядка, а также дальнейшее развитие различных форм деятельности требуют определения и уточнения дальнейших направлений развития. Разнообразный и богатый опыт постоянный количественный рост и сфера нашей активности позволяет выполнять важные задания по разработке направлений прогрессивного развития.", "created_at": "2022-02-19T17:52:05.709Z", "image": "", "author": "Павел Валерьевич", "category": 6, "user": null}}, {"model": "app_book.recipe", "pk": 21, "fields": {"title": "Пицца на слоёном тесте", "content": "Равным образом постоянное информационно-пропагандистское обеспечение нашей деятельности влечет за собой процесс внедрения и модернизации соответствующий условий активизации. Задача организации, в особенности же укрепление и развитие структуры позволяет оценить значение систем массового участия. Задача организации, в особенности же постоянное информационно-пропагандистское обеспечение нашей деятельности требуют определения и уточнения модели развития. Идейные соображения высшего порядка, а также дальнейшее развитие различных форм деятельности требуют определения и уточнения дальнейших направлений развития. Разнообразный и богатый опыт постоянный количественный рост и сфера нашей активности позволяет выполнять важные задания по разработке направлений прогрессивного развития.", "created_at": "2022-02-19T17:52:05.724Z", "image": "", "author": "Дарья Игоревна", "category": 6, "user": null}}, {"model": "app_book.recipe", "pk": 22, "fields": {"title": "Жюльен из шампиньонов", "content": "Равным образом постоянное информационно-пропагандистское обеспечение нашей деятельности влечет за собой процесс внедрения и модернизации соответствующий условий активизации. Задача организации, в особенности же укрепление и развитие структуры позволяет оценить значение систем массового участия. Задача организации, в особенности же постоянное информационно-пропагандистское обеспечение нашей деятельности требуют определения и уточнения модели развития. Идейные соображения высшего порядка, а также дальнейшее развитие различных форм деятельности требуют определения и уточнения дальнейших направлений развития. Разнообразный и богатый опыт постоянный количественный рост и сфера нашей активности позволяет выполнять важные задания по разработке направлений прогрессивного развития.", "created_at": "2022-02-19T17:52:05.738Z", "image": "", "author": "Екатерина Ивановна", "category": 8, "user": null}}, {"model": "app_book.recipe", "pk": 23, "fields": {"title": "Лазанья", "content": "Равным образом постоянное информационно-пропагандистское обеспечение нашей деятельности влечет за собой процесс внедрения и модернизации соответствующий условий активизации. Задача организации, в особенности же укрепление и развитие структуры позволяет оценить значение систем массового участия. Задача организации, в особенности же постоянное информационно-пропагандистское обеспечение нашей деятельности требуют определения и уточнения модели развития. Идейные соображения высшего порядка, а также дальнейшее развитие различных форм деятельности требуют определения и уточнения дальнейших направлений развития. Разнообразный и богатый опыт постоянный количественный рост и сфера нашей активности позволяет выполнять важные задания по разработке направлений прогрессивного развития.", "created_at": "2022-02-19T17:52:05.755Z", "image": "", "author": "Валерий Шигаев", "category": 3, "user": null}}, {"model": "app_book.recipe", "pk": 24, "fields": {"title": "Паста Карбонара — классический рецепт", "content": "Равным образом постоянное информационно-пропагандистское обеспечение нашей деятельности влечет за собой процесс внедрения и модернизации соответствующий условий активизации. Задача организации, в особенности же укрепление и развитие структуры позволяет оценить значение систем массового участия. Задача организации, в особенности же постоянное информационно-пропагандистское обеспечение нашей деятельности требуют определения и уточнения модели развития. Идейные соображения высшего порядка, а также дальнейшее развитие различных форм деятельности требуют определения и уточнения дальнейших направлений развития. Разнообразный и богатый опыт постоянный количественный рост и сфера нашей активности позволяет выполнять важные задания по разработке направлений прогрессивного развития.", "created_at": "2022-02-19T17:52:05.780Z", "image": "", "author": "Иван Васильевич", "category": 3, "user": null}}, {"model": "app_book.recipe", "pk": 25, "fields": {"title": "Паштет из куриной печени", "content": "Равным образом постоянное информационно-пропагандистское обеспечение нашей деятельности влечет за собой процесс внедрения и модернизации соответствующий условий активизации. Задача организации, в особенности же укрепление и развитие структуры позволяет оценить значение систем массового участия. Задача организации, в особенности же постоянное информационно-пропагандистское обеспечение нашей деятельности требуют определения и уточнения модели развития. Идейные соображения высшего порядка, а также дальнейшее развитие различных форм деятельности требуют определения и уточнения дальнейших направлений развития. Разнообразный и богатый опыт постоянный количественный рост и сфера нашей активности позволяет выполнять важные задания по разработке направлений прогрессивного развития.", "created_at": "2022-02-19T17:52:05.798Z", "image": "", "author": "Валерий Шигаев", "category": 5, "user": null}}, {"model": "app_book.recipe", "pk": 26, "fields": {"title": "Рыбный суп из консервов", "content": "Равным образом постоянное информационно-пропагандистское обеспечение нашей деятельности влечет за собой процесс внедрения и модернизации соответствующий условий активизации. Задача организации, в особенности же укрепление и развитие структуры позволяет оценить значение систем массового участия. Задача организации, в особенности же постоянное информационно-пропагандистское обеспечение нашей деятельности требуют определения и уточнения модели развития. Идейные соображения высшего порядка, а также дальнейшее развитие различных форм деятельности требуют определения и уточнения дальнейших направлений развития. Разнообразный и богатый опыт постоянный количественный рост и сфера нашей активности позволяет выполнять важные задания по разработке направлений прогрессивного развития.", "created_at": "2022-02-19T17:52:05.815Z", "image": "", "author": "Павел Валерьевич", "category": 6, "user": null}}, {"model": "app_book.recipe", "pk": 27, "fields": {"title": "Дзадзыки", "content": "Равным образом постоянное информационно-пропагандистское обеспечение нашей деятельности влечет за собой процесс внедрения и модернизации соответствующий условий активизации. Задача организации, в особенности же укрепление и развитие структуры позволяет оценить значение систем массового участия. Задача организации, в особенности же постоянное информационно-пропагандистское обеспечение нашей деятельности требуют определения и уточнения модели развития. Идейные соображения высшего порядка, а также дальнейшее развитие различных форм деятельности требуют определения и уточнения дальнейших направлений развития. Разнообразный и богатый опыт постоянный количественный рост и сфера нашей активности позволяет выполнять важные задания по разработке направлений прогрессивного развития.", "created_at": "2022-02-19T17:52:05.826Z", "image": "", "author": "Иван Васильевич", "category": 6, "user": null}}, {"model": "app_book.recipe", "pk": 28, "fields": {"title": "Салат «Цезарь» с курицей", "content": "Равным образом постоянное информационно-пропагандистское обеспечение нашей деятельности влечет за собой процесс внедрения и модернизации соответствующий условий активизации. Задача организации, в особенности же укрепление и развитие структуры позволяет оценить значение систем массового участия. Задача организации, в особенности же постоянное информационно-пропагандистское обеспечение нашей деятельности требуют определения и уточнения модели развития. Идейные соображения высшего порядка, а также дальнейшее развитие различных форм деятельности требуют определения и уточнения дальнейших направлений развития. Разнообразный и богатый опыт постоянный количественный рост и сфера нашей активности позволяет выполнять важные задания по разработке направлений прогрессивного развития.", "created_at": "2022-02-19T17:52:05.845Z", "image": "", "author": "Алексей Алексеев", "category": 3, "user": null}}, {"model": "app_book.recipe", "pk": 29, "fields": {"title": "Паста с сёмгой в сливочном соусе", "content": "Равным образом постоянное информационно-пропагандистское обеспечение нашей деятельности влечет за собой процесс внедрения и модернизации соответствующий условий активизации. Задача организации, в особенности же укрепление и развитие структуры позволяет оценить значение систем массового участия. Задача организации, в особенности же постоянное информационно-пропагандистское обеспечение нашей деятельности требуют определения и уточнения модели развития. Идейные соображения высшего порядка, а также дальнейшее развитие различных форм деятельности требуют определения и уточнения дальнейших направлений развития. Разнообразный и богатый опыт постоянный количественный рост и сфера нашей активности позволяет выполнять важные задания по разработке направлений прогрессивного развития.", "created_at": "2022-02-19T17:52:05.862Z", "image": "", "author": "Алексей Алексеев", "category": 5, "user": null}}, {"model": "app_book.recipe", "pk": 30, "fields": {"title": "Пицца на слоёном тесте", "content": "Равным образом постоянное информационно-пропагандистское обеспечение нашей деятельности влечет за собой процесс внедрения и модернизации соответствующий условий активизации. Задача организации, в особенности же укрепление и развитие структуры позволяет оценить значение систем массового участия. Задача организации, в особенности же постоянное информационно-пропагандистское обеспечение нашей деятельности требуют определения и уточнения модели развития. Идейные соображения высшего порядка, а также дальнейшее развитие различных форм деятельности требуют определения и уточнения дальнейших направлений развития. Разнообразный и богатый опыт постоянный количественный рост и сфера нашей активности позволяет выполнять важные задания по разработке направлений прогрессивного развития.", "created_at": "2022-02-19T17:52:05.876Z", "image": "", "author": "Иван Васильевич", "category": 7, "user": null}}, {"model": "app_book.recipe", "pk": 31, "fields": {"title": "Паштет из куриной печени", "content": "Равным образом постоянное информационно-пропагандистское обеспечение нашей деятельности влечет за собой процесс внедрения и модернизации соответствующий условий активизации. Задача организации, в особенности же укрепление и развитие структуры позволяет оценить значение систем массового участия. Задача организации, в особенности же постоянное информационно-пропагандистское обеспечение нашей деятельности требуют определения и уточнения модели развития. Идейные соображения высшего порядка, а также дальнейшее развитие различных форм деятельности требуют определения и уточнения дальнейших направлений развития. Разнообразный и богатый опыт постоянный количественный рост и сфера нашей активности позволяет выполнять важные задания по разработке направлений прогрессивного развития.", "created_at": "2022-02-19T17:52:05.893Z", "image": "", "author": "Николай Олегович", "category": 8, "user": null}}, {"model": "app_book.recipe", "pk": 32, "fields": {"title": "Капуста, квашеная в банке", "content": "Равным образом постоянное информационно-пропагандистское обеспечение нашей деятельности влечет за собой процесс внедрения и модернизации соответствующий условий активизации. Задача организации, в особенности же укрепление и развитие структуры позволяет оценить значение систем массового участия. Задача организации, в особенности же постоянное информационно-пропагандистское обеспечение нашей деятельности требуют определения и уточнения модели развития. Идейные соображения высшего порядка, а также дальнейшее развитие различных форм деятельности требуют определения и уточнения дальнейших направлений развития. Разнообразный и богатый опыт постоянный количественный рост и сфера нашей активности позволяет выполнять важные задания по разработке направлений прогрессивного развития.", "created_at": "2022-02-19T17:52:05.904Z", "image": "", "author": "Екатерина Ивановна", "category": 6, "user": null}}, {"model": "app_book.recipe", "pk": 33, "fields": {"title": "Дзадзыки", "content": "Равным образом постоянное информационно-пропагандистское обеспечение нашей деятельности влечет за собой процесс внедрения и модернизации соответствующий условий активизации. Задача организации, в особенности же укрепление и развитие структуры позволяет оценить значение систем массового участия. Задача организации, в особенности же постоянное информационно-пропагандистское обеспечение нашей деятельности требуют определения и уточнения модели развития. Идейные соображения высшего порядка, а также дальнейшее развитие различных форм деятельности требуют определения и уточнения дальнейших направлений развития. Разнообразный и богатый опыт постоянный количественный рост и сфера нашей активности позволяет выполнять важные задания по разработке направлений прогрессивного развития.", "created_at": "2022-02-19T17:52:05.924Z", "image": "", "author": "Семен Семенович", "category": 4, "user": null}}, {"model": "app_book.recipe", "pk": 34, "fields": {"title": "Луковый мармелад", "content": "Равным образом постоянное информационно-пропагандистское обеспечение нашей деятельности влечет за собой процесс внедрения и модернизации соответствующий условий активизации. Задача организации, в особенности же укрепление и развитие структуры позволяет оценить значение систем массового участия. Задача организации, в особенности же постоянное информационно-пропагандистское обеспечение нашей деятельности требуют определения и уточнения модели развития. Идейные соображения высшего порядка, а также дальнейшее развитие различных форм деятельности требуют определения и уточнения дальнейших направлений развития. Разнообразный и богатый опыт постоянный количественный рост и сфера нашей активности позволяет выполнять важные задания по разработке направлений прогрессивного развития.", "created_at": "2022-02-19T17:52:05.940Z", "image": "", "author": "Павел Валерьевич", "category": 5, "user": null}}, {"model": "app_book.recipe", "pk": 35, "fields": {"title": "Малосольная сёмга (форель кета, горбуша)", "content": "Равным образом постоянное информационно-пропагандистское обеспечение нашей деятельности влечет за собой процесс внедрения и модернизации соответствующий условий активизации. Задача организации, в особенности же укрепление и развитие структуры позволяет оценить значение систем массового участия. Задача организации, в особенности же постоянное информационно-пропагандистское обеспечение нашей деятельности требуют определения и уточнения модели развития. Идейные соображения высшего порядка, а также дальнейшее развитие различных форм деятельности требуют определения и уточнения дальнейших направлений развития. Разнообразный и богатый опыт постоянный количественный рост и сфера нашей активности позволяет выполнять важные задания по разработке направлений прогрессивного развития.", "created_at": "2022-02-19T17:52:05.959Z", "image": "", "author": "Павел Валерьевич", "category": 3, "user": null}}, {"model": "app_book.recipe", "pk": 36, "fields": {"title": "Винегрет — классический рецепт", "content": "Равным образом постоянное информационно-пропагандистское обеспечение нашей деятельности влечет за собой процесс внедрения и модернизации соответствующий условий активизации. Задача организации, в особенности же укрепление и развитие структуры позволяет оценить значение систем массового участия. Задача организации, в особенности же постоянное информационно-пропагандистское обеспечение нашей деятельности требуют определения и уточнения модели развития. Идейные соображения высшего порядка, а также дальнейшее развитие различных форм деятельности требуют определения и уточнения дальнейших направлений развития. Разнообразный и богатый опыт постоянный количественный рост и сфера нашей активности позволяет выполнять важные задания по разработке направлений прогрессивного развития.", "created_at": "2022-02-19T17:52:05.971Z", "image": "", "author": "Олег Николаевич", "category": 1, "user": null}}, {"model": "app_book.recipe", "pk": 37, "fields": {"title": "Фондю с сыром Камамбер", "content": "Равным образом постоянное информационно-пропагандистское обеспечение нашей деятельности влечет за собой процесс внедрения и модернизации соответствующий условий активизации. Задача организации, в особенности же укрепление и развитие структуры позволяет оценить значение систем массового участия. Задача организации, в особенности же постоянное информационно-пропагандистское обеспечение нашей деятельности требуют определения и уточнения модели развития. Идейные соображения высшего порядка, а также дальнейшее развитие различных форм деятельности требуют определения и уточнения дальнейших направлений развития. Разнообразный и богатый опыт постоянный количественный рост и сфера нашей активности позволяет выполнять важные задания по разработке направлений прогрессивного развития.", "created_at": "2022-02-19T17:52:05.980Z", "image": "", "author": "Семен Семенович", "category": 6, "user": null}}, {"model": "app_book.recipe", "pk": 38, "fields": {"title": "Салат из авокадо с креветками", "content": "Равным образом постоянное информационно-пропагандистское обеспечение нашей деятельности влечет за собой процесс внедрения и модернизации соответствующий условий активизации. Задача организации, в особенности же укрепление и развитие структуры позволяет оценить значение систем массового участия. Задача организации, в особенности же постоянное информационно-пропагандистское обеспечение нашей деятельности требуют определения и уточнения модели развития. Идейные соображения высшего порядка, а также дальнейшее развитие различных форм деятельности требуют определения и уточнения дальнейших направлений развития. Разнообразный и богатый опыт постоянный количественный рост и сфера нашей активности позволяет выполнять важные задания по разработке направлений прогрессивного развития.", "created_at": "2022-02-19T17:52:05.996Z", "image": "", "author": "Павел Валерьевич", "category": 1, "user": null}}, {"model": "app_book.recipe", "pk": 39, "fields": {"title": "Пицца на слоёном тесте", "content": "Равным образом постоянное информационно-пропагандистское обеспечение нашей деятельности влечет за собой процесс внедрения и модернизации соответствующий условий активизации. Задача организации, в особенности же укрепление и развитие структуры позволяет оценить значение систем массового участия. Задача организации, в особенности же постоянное информационно-пропагандистское обеспечение нашей деятельности требуют определения и уточнения модели развития. Идейные соображения высшего порядка, а также дальнейшее развитие различных форм деятельности требуют определения и уточнения дальнейших направлений развития. Разнообразный и богатый опыт постоянный количественный рост и сфера нашей активности позволяет выполнять важные задания по разработке направлений прогрессивного развития.", "created_at": "2022-02-19T17:52:06.007Z", "image": "", "author": "Валерий Шигаев", "category": 8, "user": null}}, {"model": "app_book.recipe", "pk": 40, "fields": {"title": "Фондю с сыром Камамбер", "content": "Равным образом постоянное информационно-пропагандистское обеспечение нашей деятельности влечет за собой процесс внедрения и модернизации соответствующий условий активизации. Задача организации, в особенности же укрепление и развитие структуры позволяет оценить значение систем массового участия. Задача организации, в особенности же постоянное информационно-пропагандистское обеспечение нашей деятельности требуют определения и уточнения модели развития. Идейные соображения высшего порядка, а также дальнейшее развитие различных форм деятельности требуют определения и уточнения дальнейших направлений развития. Разнообразный и богатый опыт постоянный количественный рост и сфера нашей активности позволяет выполнять важные задания по разработке направлений прогрессивного развития.", "created_at": "2022-02-19T17:52:06.019Z", "image": "", "author": "Алексей Алексеев", "category": 4, "user": null}}, {"model": "app_book.recipe", "pk": 41, "fields": {"title": "Паста Карбонара — классический рецепт", "content": "Равным образом постоянное информационно-пропагандистское обеспечение нашей деятельности влечет за собой процесс внедрения и модернизации соответствующий условий активизации. Задача организации, в особенности же укрепление и развитие структуры позволяет оценить значение систем массового участия. Задача организации, в особенности же постоянное информационно-пропагандистское обеспечение нашей деятельности требуют определения и уточнения модели развития. Идейные соображения высшего порядка, а также дальнейшее развитие различных форм деятельности требуют определения и уточнения дальнейших направлений развития. Разнообразный и богатый опыт постоянный количественный рост и сфера нашей активности позволяет выполнять важные задания по разработке направлений прогрессивного развития.", "created_at": "2022-02-19T17:52:06.032Z", "image": "", "author": "Олег Николаевич", "category": 2, "user": null}}, {"model": "app_book.recipe", "pk": 42, "fields": {"title": "Кесадилья — лепёшка с сыром и зеленью", "content": "Равным образом постоянное информационно-пропагандистское обеспечение нашей деятельности влечет за собой процесс внедрения и модернизации соответствующий условий активизации. Задача организации, в особенности же укрепление и развитие структуры позволяет оценить значение систем массового участия. Задача организации, в особенности же постоянное информационно-пропагандистское обеспечение нашей деятельности требуют определения и уточнения модели развития. Идейные соображения высшего порядка, а также дальнейшее развитие различных форм деятельности требуют определения и уточнения дальнейших направлений развития. Разнообразный и богатый опыт постоянный количественный рост и сфера нашей активности позволяет выполнять важные задания по разработке направлений прогрессивного развития.", "created_at": "2022-02-19T17:52:06.050Z", "image": "", "author": "Николай Олегович", "category": 7, "user": null}}, {"model": "app_book.recipe", "pk": 43, "fields": {"title": "Суп с индейкой и овощами", "content": "Равным образом постоянное информационно-пропагандистское обеспечение нашей деятельности влечет за собой процесс внедрения и модернизации соответствующий условий активизации. Задача организации, в особенности же укрепление и развитие структуры позволяет оценить значение систем массового участия. Задача организации, в особенности же постоянное информационно-пропагандистское обеспечение нашей деятельности требуют определения и уточнения модели развития. Идейные соображения высшего порядка, а также дальнейшее развитие различных форм деятельности требуют определения и уточнения дальнейших направлений развития. Разнообразный и богатый опыт постоянный количественный рост и сфера нашей активности позволяет выполнять важные задания по разработке направлений прогрессивного развития.", "created_at": "2022-02-19T17:52:06.085Z", "image": "", "author": "Олег Николаевич", "category": 1, "user": null}}, {"model": "app_book.recipe", "pk": 44, "fields": {"title": "Домашние котлеты", "content": "Равным образом постоянное информационно-пропагандистское обеспечение нашей деятельности влечет за собой процесс внедрения и модернизации соответствующий условий активизации. Задача организации, в особенности же укрепление и развитие структуры позволяет оценить значение систем массового участия. Задача организации, в особенности же постоянное информационно-пропагандистское обеспечение нашей деятельности требуют определения и уточнения модели развития. Идейные соображения высшего порядка, а также дальнейшее развитие различных форм деятельности требуют определения и уточнения дальнейших направлений развития. Разнообразный и богатый опыт постоянный количественный рост и сфера нашей активности позволяет выполнять важные задания по разработке направлений прогрессивного развития.", "created_at": "2022-02-19T17:52:06.101Z", "image": "", "author": "Валерий Шигаев", "category": 8, "user": null}}, {"model": "app_book.recipe", "pk": 45, "fields": {"title": "Суп с индейкой и овощами", "content": "Равным образом постоянное информационно-пропагандистское обеспечение нашей деятельности влечет за собой процесс внедрения и модернизации соответствующий условий активизации. Задача организации, в особенности же укрепление и развитие структуры позволяет оценить значение систем массового участия. Задача организации, в особенности же постоянное информационно-пропагандистское обеспечение нашей деятельности требуют определения и уточнения модели развития. Идейные соображения высшего порядка, а также дальнейшее развитие различных форм деятельности требуют определения и уточнения дальнейших направлений развития. Разнообразный и богатый опыт постоянный количественный рост и сфера нашей активности позволяет выполнять важные задания по разработке направлений прогрессивного развития.", "created_at": "2022-02-19T17:52:06.118Z", "image": "", "author": "Павел Валерьевич", "category": 3, "user": null}}, {"model": "app_book.recipe", "pk": 46, "fields": {"title": "Кесадилья — лепёшка с сыром и зеленью", "content": "Равным образом постоянное информационно-пропагандистское обеспечение нашей деятельности влечет за собой процесс внедрения и модернизации соответствующий условий активизации. Задача организации, в особенности же укрепление и развитие структуры позволяет оценить значение систем массового участия. Задача организации, в особенности же постоянное информационно-пропагандистское обеспечение нашей деятельности требуют определения и уточнения модели развития. Идейные соображения высшего порядка, а также дальнейшее развитие различных форм деятельности требуют определения и уточнения дальнейших направлений развития. Разнообразный и богатый опыт постоянный количественный рост и сфера нашей активности позволяет выполнять важные задания по разработке направлений прогрессивного развития.", "created_at": "2022-02-19T17:52:06.135Z", "image": "", "author": "Артем Артемов", "category": 4, "user": null}}, {"model": "app_book.recipe", "pk": 47, "fields": {"title": "Салат из авокадо с креветками", "content": "Равным образом постоянное информационно-пропагандистское обеспечение нашей деятельности влечет за собой процесс внедрения и модернизации соответствующий условий активизации. Задача организации, в особенности же укрепление и развитие структуры позволяет оценить значение систем массового участия. Задача организации, в особенности же постоянное информационно-пропагандистское обеспечение нашей деятельности требуют определения и уточнения модели развития. Идейные соображения высшего порядка, а также дальнейшее развитие различных форм деятельности требуют определения и уточнения дальнейших направлений развития. Разнообразный и богатый опыт постоянный количественный рост и сфера нашей активности позволяет выполнять важные задания по разработке направлений прогрессивного развития.", "created_at": "2022-02-19T17:52:06.147Z", "image": "", "author": "Артем Артемов", "category": 4, "user": null}}, {"model": "app_book.recipe", "pk": 48, "fields": {"title": "Луковый суп", "content": "Равным образом постоянное информационно-пропагандистское обеспечение нашей деятельности влечет за собой процесс внедрения и модернизации соответствующий условий активизации. Задача организации, в особенности же укрепление и развитие структуры позволяет оценить значение систем массового участия. Задача организации, в особенности же постоянное информационно-пропагандистское обеспечение нашей деятельности требуют определения и уточнения модели развития. Идейные соображения высшего порядка, а также дальнейшее развитие различных форм деятельности требуют определения и уточнения дальнейших направлений развития. Разнообразный и богатый опыт постоянный количественный рост и сфера нашей активности позволяет выполнять важные задания по разработке направлений прогрессивного развития.", "created_at": "2022-02-19T17:52:06.169Z", "image": "", "author": "Алексей Алексеев", "category": 4, "user": null}}, {"model": "app_book.recipe", "pk": 49, "fields": {"title": "Свиная рулька в пиве", "content": "Равным образом постоянное информационно-пропагандистское обеспечение нашей деятельности влечет за собой процесс внедрения и модернизации соответствующий условий активизации. Задача организации, в особенности же укрепление и развитие структуры позволяет оценить значение систем массового участия. Задача организации, в особенности же постоянное информационно-пропагандистское обеспечение нашей деятельности требуют определения и уточнения модели развития. Идейные соображения высшего порядка, а также дальнейшее развитие различных форм деятельности требуют определения и уточнения дальнейших направлений развития. Разнообразный и богатый опыт постоянный количественный рост и сфера нашей активности позволяет выполнять важные задания по разработке направлений прогрессивного развития.", "created_at": "2022-02-19T17:52:06.188Z", "image": "", "author": "Семен Семенович", "category": 7, "user": null}}, {"model": "app_book.recipe", "pk": 50, "fields": {"title": "Бургер с говядиной", "content": "Равным образом постоянное информационно-пропагандистское обеспечение нашей деятельности влечет за собой процесс внедрения и модернизации соответствующий условий активизации. Задача организации, в особенности же укрепление и развитие структуры позволяет оценить значение систем массового участия. Задача организации, в особенности же постоянное информационно-пропагандистское обеспечение нашей деятельности требуют определения и уточнения модели развития. Идейные соображения высшего порядка, а также дальнейшее развитие различных форм деятельности требуют определения и уточнения дальнейших направлений развития. Разнообразный и богатый опыт постоянный количественный рост и сфера нашей активности позволяет выполнять важные задания по разработке направлений прогрессивного развития.", "created_at": "2022-02-19T17:52:06.201Z", "image": "", "author": "Олег Николаевич", "category": 3, "user": null}}, {"model": "app_book.recipe", "pk": 51, "fields": {"title": "Паста Карбонара — классический рецепт", "content": "Равным образом постоянное информационно-пропагандистское обеспечение нашей деятельности влечет за собой процесс внедрения и модернизации соответствующий условий активизации. Задача организации, в особенности же укрепление и развитие структуры позволяет оценить значение систем массового участия. Задача организации, в особенности же постоянное информационно-пропагандистское обеспечение нашей деятельности требуют определения и уточнения модели развития. Идейные соображения высшего порядка, а также дальнейшее развитие различных форм деятельности требуют определения и уточнения дальнейших направлений развития. Разнообразный и богатый опыт постоянный количественный рост и сфера нашей активности позволяет выполнять важные задания по разработке направлений прогрессивного развития.", "created_at": "2022-02-19T17:52:06.214Z", "image": "", "author": "Николай Олегович", "category": 4, "user": null}}, {"model": "app_book.recipe", "pk": 52, "fields": {"title": "Кесадилья — лепёшка с сыром и зеленью", "content": "Равным образом постоянное информационно-пропагандистское обеспечение нашей деятельности влечет за собой процесс внедрения и модернизации соответствующий условий активизации. Задача организации, в особенности же укрепление и развитие структуры позволяет оценить значение систем массового участия. Задача организации, в особенности же постоянное информационно-пропагандистское обеспечение нашей деятельности требуют определения и уточнения модели развития. Идейные соображения высшего порядка, а также дальнейшее развитие различных форм деятельности требуют определения и уточнения дальнейших направлений развития. Разнообразный и богатый опыт постоянный количественный рост и сфера нашей активности позволяет выполнять важные задания по разработке направлений прогрессивного развития.", "created_at": "2022-02-19T17:52:06.226Z", "image": "", "author": "Павел Валерьевич", "category": 6, "user": null}}, {"model": "app_book.recipe", "pk": 53, "fields": {"title": "Маринованный портулак", "content": "Равным образом постоянное информационно-пропагандистское обеспечение нашей деятельности влечет за собой процесс внедрения и модернизации соответствующий условий активизации. Задача организации, в особенности же укрепление и развитие структуры позволяет оценить значение систем массового участия. Задача организации, в особенности же постоянное информационно-пропагандистское обеспечение нашей деятельности требуют определения и уточнения модели развития. Идейные соображения высшего порядка, а также дальнейшее развитие различных форм деятельности требуют определения и уточнения дальнейших направлений развития. Разнообразный и богатый опыт постоянный количественный рост и сфера нашей активности позволяет выполнять важные задания по разработке направлений прогрессивного развития.", "created_at": "2022-02-19T17:52:06.236Z", "image": "", "author": "Николай Олегович", "category": 6, "user": null}}, {"model": "app_book.recipe", "pk": 54, "fields": {"title": "Суп с индейкой и овощами", "content": "Равным образом постоянное информационно-пропагандистское обеспечение нашей деятельности влечет за собой процесс внедрения и модернизации соответствующий условий активизации. Задача организации, в особенности же укрепление и развитие структуры позволяет оценить значение систем массового участия. Задача организации, в особенности же постоянное информационно-пропагандистское обеспечение нашей деятельности требуют определения и уточнения модели развития. Идейные соображения высшего порядка, а также дальнейшее развитие различных форм деятельности требуют определения и уточнения дальнейших направлений развития. Разнообразный и богатый опыт постоянный количественный рост и сфера нашей активности позволяет выполнять важные задания по разработке направлений прогрессивного развития.", "created_at": "2022-02-19T17:52:06.252Z", "image": "", "author": "Семен Семенович", "category": 8, "user": null}}, {"model": "app_book.recipe", "pk": 55, "fields": {"title": "Салат из моркови с сыром", "content": "Равным образом постоянное информационно-пропагандистское обеспечение нашей деятельности влечет за собой процесс внедрения и модернизации соответствующий условий активизации. Задача организации, в особенности же укрепление и развитие структуры позволяет оценить значение систем массового участия. Задача организации, в особенности же постоянное информационно-пропагандистское обеспечение нашей деятельности требуют определения и уточнения модели развития. Идейные соображения высшего порядка, а также дальнейшее развитие различных форм деятельности требуют определения и уточнения дальнейших направлений развития. Разнообразный и богатый опыт постоянный количественный рост и сфера нашей активности позволяет выполнять важные задания по разработке направлений прогрессивного развития.", "created_at": "2022-02-19T17:52:06.269Z", "image": "", "author": "Иван Васильевич", "category": 2, "user": null}}, {"model": "app_book.recipe", "pk": 56, "fields": {"title": "Жюльен из шампиньонов", "content": "Равным образом постоянное информационно-пропагандистское обеспечение нашей деятельности влечет за собой процесс внедрения и модернизации соответствующий условий активизации. Задача организации, в особенности же укрепление и развитие структуры позволяет оценить значение систем массового участия. Задача организации, в особенности же постоянное информационно-пропагандистское обеспечение нашей деятельности требуют определения и уточнения модели развития. Идейные соображения высшего порядка, а также дальнейшее развитие различных форм деятельности требуют определения и уточнения дальнейших направлений развития. Разнообразный и богатый опыт постоянный количественный рост и сфера нашей активности позволяет выполнять важные задания по разработке направлений прогрессивного развития.", "created_at": "2022-02-19T17:52:06.286Z", "image": "", "author": "Иван Васильевич", "category": 6, "user": null}}, {"model": "app_book.recipe", "pk": 57, "fields": {"title": "Спагетти с соусом Болоньезе", "content": "Равным образом постоянное информационно-пропагандистское обеспечение нашей деятельности влечет за собой процесс внедрения и модернизации соответствующий условий активизации. Задача организации, в особенности же укрепление и развитие структуры позволяет оценить значение систем массового участия. Задача организации, в особенности же постоянное информационно-пропагандистское обеспечение нашей деятельности требуют определения и уточнения модели развития. Идейные соображения высшего порядка, а также дальнейшее развитие различных форм деятельности требуют определения и уточнения дальнейших направлений развития. Разнообразный и богатый опыт постоянный количественный рост и сфера нашей активности позволяет выполнять важные задания по разработке направлений прогрессивного развития.", "created_at": "2022-02-19T17:52:06.303Z", "image": "", "author": "Екатерина Ивановна", "category": 5, "user": null}}, {"model": "app_book.recipe", "pk": 58, "fields": {"title": "Рыбный суп из консервов", "content": "Равным образом постоянное информационно-пропагандистское обеспечение нашей деятельности влечет за собой процесс внедрения и модернизации соответствующий условий активизации. Задача организации, в особенности же укрепление и развитие структуры позволяет оценить значение систем массового участия. Задача организации, в особенности же постоянное информационно-пропагандистское обеспечение нашей деятельности требуют определения и уточнения модели развития. Идейные соображения высшего порядка, а также дальнейшее развитие различных форм деятельности требуют определения и уточнения дальнейших направлений развития. Разнообразный и богатый опыт постоянный количественный рост и сфера нашей активности позволяет выполнять важные задания по разработке направлений прогрессивного развития.", "created_at": "2022-02-19T17:52:06.315Z", "image": "", "author": "Николай Олегович", "category": 7, "user": null}}, {"model": "app_book.recipe", "pk": 59, "fields": {"title": "Луковый суп", "content": "Равным образом постоянное информационно-пропагандистское обеспечение нашей деятельности влечет за собой процесс внедрения и модернизации соответствующий условий активизации. Задача организации, в особенности же укрепление и развитие структуры позволяет оценить значение систем массового участия. Задача организации, в особенности же постоянное информационно-пропагандистское обеспечение нашей деятельности требуют определения и уточнения модели развития. Идейные соображения высшего порядка, а также дальнейшее развитие различных форм деятельности требуют определения и уточнения дальнейших направлений развития. Разнообразный и богатый опыт постоянный количественный рост и сфера нашей активности позволяет выполнять важные задания по разработке направлений прогрессивного развития.", "created_at": "2022-02-19T17:52:06.326Z", "image": "", "author": "Олег Николаевич", "category": 2, "user": null}}, {"model": "app_book.recipe", "pk": 60, "fields": {"title": "Жареный болгарский перец", "content": "Равным образом постоянное информационно-пропагандистское обеспечение нашей деятельности влечет за собой процесс внедрения и модернизации соответствующий условий активизации. Задача организации, в особенности же укрепление и развитие структуры позволяет оценить значение систем массового участия. Задача организации, в особенности же постоянное информационно-пропагандистское обеспечение нашей деятельности требуют определения и уточнения модели развития. Идейные соображения высшего порядка, а также дальнейшее развитие различных форм деятельности требуют определения и уточнения дальнейших направлений развития. Разнообразный и богатый опыт постоянный количественный рост и сфера нашей активности позволяет выполнять важные задания по разработке направлений прогрессивного развития.", "created_at": "2022-02-19T17:52:06.344Z", "image": "", "author": "Валерий Шигаев", "category": 2, "user": null}}, {"model": "app_book.recipe", "pk": 61, "fields": {"title": "Суп-лапша", "content": "Равным образом постоянное информационно-пропагандистское обеспечение нашей деятельности влечет за собой процесс внедрения и модернизации соответствующий условий активизации. Задача организации, в особенности же укрепление и развитие структуры позволяет оценить значение систем массового участия. Задача организации, в особенности же постоянное информационно-пропагандистское обеспечение нашей деятельности требуют определения и уточнения модели развития. Идейные соображения высшего порядка, а также дальнейшее развитие различных форм деятельности требуют определения и уточнения дальнейших направлений развития. Разнообразный и богатый опыт постоянный количественный рост и сфера нашей активности позволяет выполнять важные задания по разработке направлений прогрессивного развития.", "created_at": "2022-02-19T17:52:06.066Z", "image": "", "author": "Олег Николаевич", "category": 3, "user": null}}, {"model": "app_book.recipe", "pk": 62, "fields": {"title": "Салат из моркови с сыром", "content": "Равным образом постоянное информационно-пропагандистское обеспечение нашей деятельности влечет за собой процесс внедрения и модернизации соответствующий условий активизации. Задача организации, в особенности же укрепление и развитие структуры позволяет оценить значение систем массового участия. Задача организации, в особенности же постоянное информационно-пропагандистское обеспечение нашей деятельности требуют определения и уточнения модели развития. Идейные соображения высшего порядка, а также дальнейшее развитие различных форм деятельности требуют определения и уточнения дальнейших направлений развития. Разнообразный и богатый опыт постоянный количественный рост и сфера нашей активности позволяет выполнять важные задания по разработке направлений прогрессивного развития.", "created_at": "2022-02-19T17:52:06.359Z", "image": "", "author": "Дарья Игоревна", "category": 3, "user": null}}, {"model": "app_book.recipe", "pk": 63, "fields": {"title": "Суп из рыбных консервов", "content": "Равным образом постоянное информационно-пропагандистское обеспечение нашей деятельности влечет за собой процесс внедрения и модернизации соответствующий условий активизации. Задача организации, в особенности же укрепление и развитие структуры позволяет оценить значение систем массового участия. Задача организации, в особенности же постоянное информационно-пропагандистское обеспечение нашей деятельности требуют определения и уточнения модели развития. Идейные соображения высшего порядка, а также дальнейшее развитие различных форм деятельности требуют определения и уточнения дальнейших направлений развития. Разнообразный и богатый опыт постоянный количественный рост и сфера нашей активности позволяет выполнять важные задания по разработке направлений прогрессивного развития.", "created_at": "2022-02-19T17:52:06.373Z", "image": "", "author": "Артем Артемов", "category": 8, "user": null}}, {"model": "app_book.recipe", "pk": 64, "fields": {"title": "Бургер с говядиной", "content": "Равным образом постоянное информационно-пропагандистское обеспечение нашей деятельности влечет за собой процесс внедрения и модернизации соответствующий условий активизации. Задача организации, в особенности же укрепление и развитие структуры позволяет оценить значение систем массового участия. Задача организации, в особенности же постоянное информационно-пропагандистское обеспечение нашей деятельности требуют определения и уточнения модели развития. Идейные соображения высшего порядка, а также дальнейшее развитие различных форм деятельности требуют определения и уточнения дальнейших направлений развития. Разнообразный и богатый опыт постоянный количественный рост и сфера нашей активности позволяет выполнять важные задания по разработке направлений прогрессивного развития.", "created_at": "2022-02-19T17:52:06.391Z", "image": "", "author": "Дарья Игоревна", "category": 6, "user": null}}, {"model": "app_book.recipe", "pk": 65, "fields": {"title": "Винегрет — классический рецепт", "content": "Равным образом постоянное информационно-пропагандистское обеспечение нашей деятельности влечет за собой процесс внедрения и модернизации соответствующий условий активизации. Задача организации, в особенности же укрепление и развитие структуры позволяет оценить значение систем массового участия. Задача организации, в особенности же постоянное информационно-пропагандистское обеспечение нашей деятельности требуют определения и уточнения модели развития. Идейные соображения высшего порядка, а также дальнейшее развитие различных форм деятельности требуют определения и уточнения дальнейших направлений развития. Разнообразный и богатый опыт постоянный количественный рост и сфера нашей активности позволяет выполнять важные задания по разработке направлений прогрессивного развития.", "created_at": "2022-02-19T17:52:06.406Z", "image": "", "author": "Екатерина Ивановна", "category": 5, "user": null}}, {"model": "app_book.recipe", "pk": 66, "fields": {"title": "Огурцы по-корейски", "content": "Равным образом постоянное информационно-пропагандистское обеспечение нашей деятельности влечет за собой процесс внедрения и модернизации соответствующий условий активизации. Задача организации, в особенности же укрепление и развитие структуры позволяет оценить значение систем массового участия. Задача организации, в особенности же постоянное информационно-пропагандистское обеспечение нашей деятельности требуют определения и уточнения модели развития. Идейные соображения высшего порядка, а также дальнейшее развитие различных форм деятельности требуют определения и уточнения дальнейших направлений развития. Разнообразный и богатый опыт постоянный количественный рост и сфера нашей активности позволяет выполнять важные задания по разработке направлений прогрессивного развития.", "created_at": "2022-02-19T17:52:06.417Z", "image": "", "author": "Николай Олегович", "category": 2, "user": null}}, {"model": "app_book.recipe", "pk": 67, "fields": {"title": "Салат «Цезарь» с курицей", "content": "Равным образом постоянное информационно-пропагандистское обеспечение нашей деятельности влечет за собой процесс внедрения и модернизации соответствующий условий активизации. Задача организации, в особенности же укрепление и развитие структуры позволяет оценить значение систем массового участия. Задача организации, в особенности же постоянное информационно-пропагандистское обеспечение нашей деятельности требуют определения и уточнения модели развития. Идейные соображения высшего порядка, а также дальнейшее развитие различных форм деятельности требуют определения и уточнения дальнейших направлений развития. Разнообразный и богатый опыт постоянный количественный рост и сфера нашей активности позволяет выполнять важные задания по разработке направлений прогрессивного развития.", "created_at": "2022-02-19T17:52:06.427Z", "image": "", "author": "Алексей Алексеев", "category": 1, "user": null}}, {"model": "app_book.recipe", "pk": 68, "fields": {"title": "Сырный суп с креветками", "content": "Равным образом постоянное информационно-пропагандистское обеспечение нашей деятельности влечет за собой процесс внедрения и модернизации соответствующий условий активизации. Задача организации, в особенности же укрепление и развитие структуры позволяет оценить значение систем массового участия. Задача организации, в особенности же постоянное информационно-пропагандистское обеспечение нашей деятельности требуют определения и уточнения модели развития. Идейные соображения высшего порядка, а также дальнейшее развитие различных форм деятельности требуют определения и уточнения дальнейших направлений развития. Разнообразный и богатый опыт постоянный количественный рост и сфера нашей активности позволяет выполнять важные задания по разработке направлений прогрессивного развития.", "created_at": "2022-02-19T17:52:06.441Z", "image": "", "author": "Валерий Шигаев", "category": 6, "user": null}}, {"model": "app_book.recipe", "pk": 69, "fields": {"title": "Тефтели из говядины", "content": "Равным образом постоянное информационно-пропагандистское обеспечение нашей деятельности влечет за собой процесс внедрения и модернизации соответствующий условий активизации. Задача организации, в особенности же укрепление и развитие структуры позволяет оценить значение систем массового участия. Задача организации, в особенности же постоянное информационно-пропагандистское обеспечение нашей деятельности требуют определения и уточнения модели развития. Идейные соображения высшего порядка, а также дальнейшее развитие различных форм деятельности требуют определения и уточнения дальнейших направлений развития. Разнообразный и богатый опыт постоянный количественный рост и сфера нашей активности позволяет выполнять важные задания по разработке направлений прогрессивного развития.", "created_at": "2022-02-19T17:52:06.456Z", "image": "", "author": "Дарья Игоревна", "category": 7, "user": null}}, {"model": "app_book.recipe", "pk": 70, "fields": {"title": "Лепёшка с сыром и перепелиными яйцами", "content": "Равным образом постоянное информационно-пропагандистское обеспечение нашей деятельности влечет за собой процесс внедрения и модернизации соответствующий условий активизации. Задача организации, в особенности же укрепление и развитие структуры позволяет оценить значение систем массового участия. Задача организации, в особенности же постоянное информационно-пропагандистское обеспечение нашей деятельности требуют определения и уточнения модели развития. Идейные соображения высшего порядка, а также дальнейшее развитие различных форм деятельности требуют определения и уточнения дальнейших направлений развития. Разнообразный и богатый опыт постоянный количественный рост и сфера нашей активности позволяет выполнять важные задания по разработке направлений прогрессивного развития.", "created_at": "2022-02-19T17:52:06.467Z", "image": "", "author": "Дарья Игоревна", "category": 8, "user": null}}, {"model": "app_book.recipe", "pk": 71, "fields": {"title": "Вяленые помидоры в духовке", "content": "Равным образом постоянное информационно-пропагандистское обеспечение нашей деятельности влечет за собой процесс внедрения и модернизации соответствующий условий активизации. Задача организации, в особенности же укрепление и развитие структуры позволяет оценить значение систем массового участия. Задача организации, в особенности же постоянное информационно-пропагандистское обеспечение нашей деятельности требуют определения и уточнения модели развития. Идейные соображения высшего порядка, а также дальнейшее развитие различных форм деятельности требуют определения и уточнения дальнейших направлений развития. Разнообразный и богатый опыт постоянный количественный рост и сфера нашей активности позволяет выполнять важные задания по разработке направлений прогрессивного развития.", "created_at": "2022-02-19T17:52:06.480Z", "image": "", "author": "Николай Олегович", "category": 6, "user": null}}, {"model": "app_book.recipe", "pk": 72, "fields": {"title": "Фондю с сыром Камамбер", "content": "Равным образом постоянное информационно-пропагандистское обеспечение нашей деятельности влечет за собой процесс внедрения и модернизации соответствующий условий активизации. Задача организации, в особенности же укрепление и развитие структуры позволяет оценить значение систем массового участия. Задача организации, в особенности же постоянное информационно-пропагандистское обеспечение нашей деятельности требуют определения и уточнения модели развития. Идейные соображения высшего порядка, а также дальнейшее развитие различных форм деятельности требуют определения и уточнения дальнейших направлений развития. Разнообразный и богатый опыт постоянный количественный рост и сфера нашей активности позволяет выполнять важные задания по разработке направлений прогрессивного развития.", "created_at": "2022-02-19T17:52:06.496Z", "image": "", "author": "Олег Николаевич", "category": 6, "user": null}}, {"model": "app_book.recipe", "pk": 73, "fields": {"title": "Тефтели из говядины", "content": "Равным образом постоянное информационно-пропагандистское обеспечение нашей деятельности влечет за собой процесс внедрения и модернизации соответствующий условий активизации. Задача организации, в особенности же укрепление и развитие структуры позволяет оценить значение систем массового участия. Задача организации, в особенности же постоянное информационно-пропагандистское обеспечение нашей деятельности требуют определения и уточнения модели развития. Идейные соображения высшего порядка, а также дальнейшее развитие различных форм деятельности требуют определения и уточнения дальнейших направлений развития. Разнообразный и богатый опыт постоянный количественный рост и сфера нашей активности позволяет выполнять важные задания по разработке направлений прогрессивного развития.", "created_at": "2022-02-19T17:52:06.509Z", "image": "", "author": "Дарья Игоревна", "category": 3, "user": null}}, {"model": "app_book.recipe", "pk": 74, "fields": {"title": "Куриный бульон", "content": "Равным образом постоянное информационно-пропагандистское обеспечение нашей деятельности влечет за собой процесс внедрения и модернизации соответствующий условий активизации. Задача организации, в особенности же укрепление и развитие структуры позволяет оценить значение систем массового участия. Задача организации, в особенности же постоянное информационно-пропагандистское обеспечение нашей деятельности требуют определения и уточнения модели развития. Идейные соображения высшего порядка, а также дальнейшее развитие различных форм деятельности требуют определения и уточнения дальнейших направлений развития. Разнообразный и богатый опыт постоянный количественный рост и сфера нашей активности позволяет выполнять важные задания по разработке направлений прогрессивного развития.", "created_at": "2022-02-19T17:52:06.520Z", "image": "", "author": "Николай Олегович", "category": 4, "user": null}}, {"model": "app_book.recipe", "pk": 75, "fields": {"title": "Заправки для салатов без майонеза", "content": "Равным образом постоянное информационно-пропагандистское обеспечение нашей деятельности влечет за собой процесс внедрения и модернизации соответствующий условий активизации. Задача организации, в особенности же укрепление и развитие структуры позволяет оценить значение систем массового участия. Задача организации, в особенности же постоянное информационно-пропагандистское обеспечение нашей деятельности требуют определения и уточнения модели развития. Идейные соображения высшего порядка, а также дальнейшее развитие различных форм деятельности требуют определения и уточнения дальнейших направлений развития. Разнообразный и богатый опыт постоянный количественный рост и сфера нашей активности позволяет выполнять важные задания по разработке направлений прогрессивного развития.", "created_at": "2022-02-19T17:52:06.534Z", "image": "", "author": "Дарья Игоревна", "category": 4, "user": null}}, {"model": "app_book.recipe", "pk": 76, "fields": {"title": "Фаршированный перец в томатном соусе", "content": "Равным образом постоянное информационно-пропагандистское обеспечение нашей деятельности влечет за собой процесс внедрения и модернизации соответствующий условий активизации. Задача организации, в особенности же укрепление и развитие структуры позволяет оценить значение систем массового участия. Задача организации, в особенности же постоянное информационно-пропагандистское обеспечение нашей деятельности требуют определения и уточнения модели развития. Идейные соображения высшего порядка, а также дальнейшее развитие различных форм деятельности требуют определения и уточнения дальнейших направлений развития. Разнообразный и богатый опыт постоянный количественный рост и сфера нашей активности позволяет выполнять важные задания по разработке направлений прогрессивного развития.", "created_at": "2022-02-19T17:52:06.553Z", "image": "", "author": "Алексей Алексеев", "category": 2, "user": null}}, {"model": "app_book.recipe", "pk": 77, "fields": {"title": "Спагетти с соусом Болоньезе", "content": "Равным образом постоянное информационно-пропагандистское обеспечение нашей деятельности влечет за собой процесс внедрения и модернизации соответствующий условий активизации. Задача организации, в особенности же укрепление и развитие структуры позволяет оценить значение систем массового участия. Задача организации, в особенности же постоянное информационно-пропагандистское обеспечение нашей деятельности требуют определения и уточнения модели развития. Идейные соображения высшего порядка, а также дальнейшее развитие различных форм деятельности требуют определения и уточнения дальнейших направлений развития. Разнообразный и богатый опыт постоянный количественный рост и сфера нашей активности позволяет выполнять важные задания по разработке направлений прогрессивного развития.", "created_at": "2022-02-19T17:52:06.563Z", "image": "", "author": "Дарья Игоревна", "category": 4, "user": null}}, {"model": "app_book.recipe", "pk": 78, "fields": {"title": "Тефтели из говядины", "content": "Равным образом постоянное информационно-пропагандистское обеспечение нашей деятельности влечет за собой процесс внедрения и модернизации соответствующий условий активизации. Задача организации, в особенности же укрепление и развитие структуры позволяет оценить значение систем массового участия. Задача организации, в особенности же постоянное информационно-пропагандистское обеспечение нашей деятельности требуют определения и уточнения модели развития. Идейные соображения высшего порядка, а также дальнейшее развитие различных форм деятельности требуют определения и уточнения дальнейших направлений развития. Разнообразный и богатый опыт постоянный количественный рост и сфера нашей активности позволяет выполнять важные задания по разработке направлений прогрессивного развития.", "created_at": "2022-02-19T17:52:06.573Z", "image": "", "author": "Алексей Алексеев", "category": 2, "user": null}}, {"model": "app_book.recipe", "pk": 79, "fields": {"title": "Тефтели из говядины", "content": "Равным образом постоянное информационно-пропагандистское обеспечение нашей деятельности влечет за собой процесс внедрения и модернизации соответствующий условий активизации. Задача организации, в особенности же укрепление и развитие структуры позволяет оценить значение систем массового участия. Задача организации, в особенности же постоянное информационно-пропагандистское обеспечение нашей деятельности требуют определения и уточнения модели развития. Идейные соображения высшего порядка, а также дальнейшее развитие различных форм деятельности требуют определения и уточнения дальнейших направлений развития. Разнообразный и богатый опыт постоянный количественный рост и сфера нашей активности позволяет выполнять важные задания по разработке направлений прогрессивного развития.", "created_at": "2022-02-19T17:52:06.586Z", "image": "", "author": "Дарья Игоревна", "category": 4, "user": null}}, {"model": "app_book.recipe", "pk": 80, "fields": {"title": "Суп с индейкой и овощами", "content": "Равным образом постоянное информационно-пропагандистское обеспечение нашей деятельности влечет за собой процесс внедрения и модернизации соответствующий условий активизации. Задача организации, в особенности же укрепление и развитие структуры позволяет оценить значение систем массового участия. Задача организации, в особенности же постоянное информационно-пропагандистское обеспечение нашей деятельности требуют определения и уточнения модели развития. Идейные соображения высшего порядка, а также дальнейшее развитие различных форм деятельности требуют определения и уточнения дальнейших направлений развития. Разнообразный и богатый опыт постоянный количественный рост и сфера нашей активности позволяет выполнять важные задания по разработке направлений прогрессивного развития.", "created_at": "2022-02-19T17:52:06.604Z", "image": "", "author": "Валерий Шигаев", "category": 2, "user": null}}, {"model": "app_book.recipe", "pk": 81, "fields": {"title": "Сырный суп с креветками", "content": "Равным образом постоянное информационно-пропагандистское обеспечение нашей деятельности влечет за собой процесс внедрения и модернизации соответствующий условий активизации. Задача организации, в особенности же укрепление и развитие структуры позволяет оценить значение систем массового участия. Задача организации, в особенности же постоянное информационно-пропагандистское обеспечение нашей деятельности требуют определения и уточнения модели развития. Идейные соображения высшего порядка, а также дальнейшее развитие различных форм деятельности требуют определения и уточнения дальнейших направлений развития. Разнообразный и богатый опыт постоянный количественный рост и сфера нашей активности позволяет выполнять важные задания по разработке направлений прогрессивного развития.", "created_at": "2022-02-19T17:52:06.618Z", "image": "", "author": "Николай Олегович", "category": 7, "user": null}}, {"model": "app_book.recipe", "pk": 82, "fields": {"title": "Луковый мармелад", "content": "Равным образом постоянное информационно-пропагандистское обеспечение нашей деятельности влечет за собой процесс внедрения и модернизации соответствующий условий активизации. Задача организации, в особенности же укрепление и развитие структуры позволяет оценить значение систем массового участия. Задача организации, в особенности же постоянное информационно-пропагандистское обеспечение нашей деятельности требуют определения и уточнения модели развития. Идейные соображения высшего порядка, а также дальнейшее развитие различных форм деятельности требуют определения и уточнения дальнейших направлений развития. Разнообразный и богатый опыт постоянный количественный рост и сфера нашей активности позволяет выполнять важные задания по разработке направлений прогрессивного развития.", "created_at": "2022-02-19T17:52:06.632Z", "image": "", "author": "Олег Николаевич", "category": 6, "user": null}}, {"model": "app_book.recipe", "pk": 83, "fields": {"title": "Испанский гороховый суп", "content": "Равным образом постоянное информационно-пропагандистское обеспечение нашей деятельности влечет за собой процесс внедрения и модернизации соответствующий условий активизации. Задача организации, в особенности же укрепление и развитие структуры позволяет оценить значение систем массового участия. Задача организации, в особенности же постоянное информационно-пропагандистское обеспечение нашей деятельности требуют определения и уточнения модели развития. Идейные соображения высшего порядка, а также дальнейшее развитие различных форм деятельности требуют определения и уточнения дальнейших направлений развития. Разнообразный и богатый опыт постоянный количественный рост и сфера нашей активности позволяет выполнять важные задания по разработке направлений прогрессивного развития.", "created_at": "2022-02-19T17:52:06.642Z", "image": "", "author": "Олег Николаевич", "category": 2, "user": null}}, {"model": "app_book.recipe", "pk": 84, "fields": {"title": "Луковый мармелад", "content": "Равным образом постоянное информационно-пропагандистское обеспечение нашей деятельности влечет за собой процесс внедрения и модернизации соответствующий условий активизации. Задача организации, в особенности же укрепление и развитие структуры позволяет оценить значение систем массового участия. Задача организации, в особенности же постоянное информационно-пропагандистское обеспечение нашей деятельности требуют определения и уточнения модели развития. Идейные соображения высшего порядка, а также дальнейшее развитие различных форм деятельности требуют определения и уточнения дальнейших направлений развития. Разнообразный и богатый опыт постоянный количественный рост и сфера нашей активности позволяет выполнять важные задания по разработке направлений прогрессивного развития.", "created_at": "2022-02-19T17:52:06.659Z", "image": "", "author": "Семен Семенович", "category": 3, "user": null}}, {"model": "app_book.recipe", "pk": 85, "fields": {"title": "Маффины «Закусочные»", "content": "Равным образом постоянное информационно-пропагандистское обеспечение нашей деятельности влечет за собой процесс внедрения и модернизации соответствующий условий активизации. Задача организации, в особенности же укрепление и развитие структуры позволяет оценить значение систем массового участия. Задача организации, в особенности же постоянное информационно-пропагандистское обеспечение нашей деятельности требуют определения и уточнения модели развития. Идейные соображения высшего порядка, а также дальнейшее развитие различных форм деятельности требуют определения и уточнения дальнейших направлений развития. Разнообразный и богатый опыт постоянный количественный рост и сфера нашей активности позволяет выполнять важные задания по разработке направлений прогрессивного развития.", "created_at": "2022-02-19T17:52:06.679Z", "image": "", "author": "Дарья Игоревна", "category": 2, "user": null}}, {"model": "app_book.recipe", "pk": 86, "fields": {"title": "Свиная рулька в пиве", "content": "Равным образом постоянное информационно-пропагандистское обеспечение нашей деятельности влечет за собой процесс внедрения и модернизации соответствующий условий активизации. Задача организации, в особенности же укрепление и развитие структуры позволяет оценить значение систем массового участия. Задача организации, в особенности же постоянное информационно-пропагандистское обеспечение нашей деятельности требуют определения и уточнения модели развития. Идейные соображения высшего порядка, а также дальнейшее развитие различных форм деятельности требуют определения и уточнения дальнейших направлений развития. Разнообразный и богатый опыт постоянный количественный рост и сфера нашей активности позволяет выполнять важные задания по разработке направлений прогрессивного развития.", "created_at": "2022-02-19T17:52:06.696Z", "image": "", "author": "Павел Валерьевич", "category": 1, "user": null}}, {"model": "app_book.recipe", "pk": 87, "fields": {"title": "Борщ", "content": "Равным образом постоянное информационно-пропагандистское обеспечение нашей деятельности влечет за собой процесс внедрения и модернизации соответствующий условий активизации. Задача организации, в особенности же укрепление и развитие структуры позволяет оценить значение систем массового участия. Задача организации, в особенности же постоянное информационно-пропагандистское обеспечение нашей деятельности требуют определения и уточнения модели развития. Идейные соображения высшего порядка, а также дальнейшее развитие различных форм деятельности требуют определения и уточнения дальнейших направлений развития. Разнообразный и богатый опыт постоянный количественный рост и сфера нашей активности позволяет выполнять важные задания по разработке направлений прогрессивного развития.", "created_at": "2022-02-19T17:52:06.708Z", "image": "", "author": "Дарья Игоревна", "category": 1, "user": null}}, {"model": "app_book.recipe", "pk": 88, "fields": {"title": "Суп с индейкой и овощами", "content": "Равным образом постоянное информационно-пропагандистское обеспечение нашей деятельности влечет за собой процесс внедрения и модернизации соответствующий условий активизации. Задача организации, в особенности же укрепление и развитие структуры позволяет оценить значение систем массового участия. Задача организации, в особенности же постоянное информационно-пропагандистское обеспечение нашей деятельности требуют определения и уточнения модели развития. Идейные соображения высшего порядка, а также дальнейшее развитие различных форм деятельности требуют определения и уточнения дальнейших направлений развития. Разнообразный и богатый опыт постоянный количественный рост и сфера нашей активности позволяет выполнять важные задания по разработке направлений прогрессивного развития.", "created_at": "2022-02-19T17:52:06.718Z", "image": "", "author": "Артем Артемов", "category": 4, "user": null}}, {"model": "app_book.recipe", "pk": 89, "fields": {"title": "Борщ", "content": "Равным образом постоянное информационно-пропагандистское обеспечение нашей деятельности влечет за собой процесс внедрения и модернизации соответствующий условий активизации. Задача организации, в особенности же укрепление и развитие структуры позволяет оценить значение систем массового участия. Задача организации, в особенности же постоянное информационно-пропагандистское обеспечение нашей деятельности требуют определения и уточнения модели развития. Идейные соображения высшего порядка, а также дальнейшее развитие различных форм деятельности требуют определения и уточнения дальнейших направлений развития. Разнообразный и богатый опыт постоянный количественный рост и сфера нашей активности позволяет выполнять важные задания по разработке направлений прогрессивного развития.", "created_at": "2022-02-19T17:52:06.728Z", "image": "", "author": "Валерий Шигаев", "category": 6, "user": null}}, {"model": "app_book.recipe", "pk": 90, "fields": {"title": "Паштет из куриной печени", "content": "Равным образом постоянное информационно-пропагандистское обеспечение нашей деятельности влечет за собой процесс внедрения и модернизации соответствующий условий активизации. Задача организации, в особенности же укрепление и развитие структуры позволяет оценить значение систем массового участия. Задача организации, в особенности же постоянное информационно-пропагандистское обеспечение нашей деятельности требуют определения и уточнения модели развития. Идейные соображения высшего порядка, а также дальнейшее развитие различных форм деятельности требуют определения и уточнения дальнейших направлений развития. Разнообразный и богатый опыт постоянный количественный рост и сфера нашей активности позволяет выполнять важные задания по разработке направлений прогрессивного развития.", "created_at": "2022-02-19T17:52:06.743Z", "image": "", "author": "Артем Артемов", "category": 3, "user": null}}, {"model": "app_book.recipe", "pk": 91, "fields": {"title": "Жареный болгарский перец", "content": "Равным образом постоянное информационно-пропагандистское обеспечение нашей деятельности влечет за собой процесс внедрения и модернизации соответствующий условий активизации. Задача организации, в особенности же укрепление и развитие структуры позволяет оценить значение систем массового участия. Задача организации, в особенности же постоянное информационно-пропагандистское обеспечение нашей деятельности требуют определения и уточнения модели развития. Идейные соображения высшего порядка, а также дальнейшее развитие различных форм деятельности требуют определения и уточнения дальнейших направлений развития. Разнообразный и богатый опыт постоянный количественный рост и сфера нашей активности позволяет выполнять важные задания по разработке направлений прогрессивного развития.", "created_at": "2022-02-19T17:52:06.761Z", "image": "", "author": "Олег Николаевич", "category": 1, "user": null}}, {"model": "app_book.recipe", "pk": 92, "fields": {"title": "Рыбный суп из консервов", "content": "Равным образом постоянное информационно-пропагандистское обеспечение нашей деятельности влечет за собой процесс внедрения и модернизации соответствующий условий активизации. Задача организации, в особенности же укрепление и развитие структуры позволяет оценить значение систем массового участия. Задача организации, в особенности же постоянное информационно-пропагандистское обеспечение нашей деятельности требуют определения и уточнения модели развития. Идейные соображения высшего порядка, а также дальнейшее развитие различных форм деятельности требуют определения и уточнения дальнейших направлений развития. Разнообразный и богатый опыт постоянный количественный рост и сфера нашей активности позволяет выполнять важные задания по разработке направлений прогрессивного развития.", "created_at": "2022-02-19T17:52:06.777Z", "image": "", "author": "Николай Олегович", "category": 6, "user": null}}, {"model": "app_book.recipe", "pk": 93, "fields": {"title": "Борщ", "content": "Равным образом постоянное информационно-пропагандистское обеспечение нашей деятельности влечет за собой процесс внедрения и модернизации соответствующий условий активизации. Задача организации, в особенности же укрепление и развитие структуры позволяет оценить значение систем массового участия. Задача организации, в особенности же постоянное информационно-пропагандистское обеспечение нашей деятельности требуют определения и уточнения модели развития. Идейные соображения высшего порядка, а также дальнейшее развитие различных форм деятельности требуют определения и уточнения дальнейших направлений развития. Разнообразный и богатый опыт постоянный количественный рост и сфера нашей активности позволяет выполнять важные задания по разработке направлений прогрессивного развития.", "created_at": "2022-02-19T17:52:06.792Z", "image": "", "author": "Семен Семенович", "category": 4, "user": null}}, {"model": "app_book.recipe", "pk": 94, "fields": {"title": "Голубцы в томатном соусе", "content": "Равным образом постоянное информационно-пропагандистское обеспечение нашей деятельности влечет за собой процесс внедрения и модернизации соответствующий условий активизации. Задача организации, в особенности же укрепление и развитие структуры позволяет оценить значение систем массового участия. Задача организации, в особенности же постоянное информационно-пропагандистское обеспечение нашей деятельности требуют определения и уточнения модели развития. Идейные соображения высшего порядка, а также дальнейшее развитие различных форм деятельности требуют определения и уточнения дальнейших направлений развития. Разнообразный и богатый опыт постоянный количественный рост и сфера нашей активности позволяет выполнять важные задания по разработке направлений прогрессивного развития.", "created_at": "2022-02-19T17:52:06.806Z", "image": "", "author": "Павел Валерьевич", "category": 2, "user": null}}, {"model": "app_book.recipe", "pk": 95, "fields": {"title": "Лепёшка с сыром и перепелиными яйцами", "content": "Равным образом постоянное информационно-пропагандистское обеспечение нашей деятельности влечет за собой процесс внедрения и модернизации соответствующий условий активизации. Задача организации, в особенности же укрепление и развитие структуры позволяет оценить значение систем массового участия. Задача организации, в особенности же постоянное информационно-пропагандистское обеспечение нашей деятельности требуют определения и уточнения модели развития. Идейные соображения высшего порядка, а также дальнейшее развитие различных форм деятельности требуют определения и уточнения дальнейших направлений развития. Разнообразный и богатый опыт постоянный количественный рост и сфера нашей активности позволяет выполнять важные задания по разработке направлений прогрессивного развития.", "created_at": "2022-02-19T17:52:06.816Z", "image": "", "author": "Олег Николаевич", "category": 5, "user": null}}, {"model": "app_book.recipe", "pk": 96, "fields": {"title": "Кесадилья — лепёшка с сыром и зеленью", "content": "Равным образом постоянное информационно-пропагандистское обеспечение нашей деятельности влечет за собой процесс внедрения и модернизации соответствующий условий активизации. Задача организации, в особенности же укрепление и развитие структуры позволяет оценить значение систем массового участия. Задача организации, в особенности же постоянное информационно-пропагандистское обеспечение нашей деятельности требуют определения и уточнения модели развития. Идейные соображения высшего порядка, а также дальнейшее развитие различных форм деятельности требуют определения и уточнения дальнейших направлений развития. Разнообразный и богатый опыт постоянный количественный рост и сфера нашей активности позволяет выполнять важные задания по разработке направлений прогрессивного развития.", "created_at": "2022-02-19T17:52:06.857Z", "image": "", "author": "Алексей Алексеев", "category": 8, "user": null}}, {"model": "app_book.recipe", "pk": 97, "fields": {"title": "Капуста, квашеная в банке", "content": "Равным образом постоянное информационно-пропагандистское обеспечение нашей деятельности влечет за собой процесс внедрения и модернизации соответствующий условий активизации. Задача организации, в особенности же укрепление и развитие структуры позволяет оценить значение систем массового участия. Задача организации, в особенности же постоянное информационно-пропагандистское обеспечение нашей деятельности требуют определения и уточнения модели развития. Идейные соображения высшего порядка, а также дальнейшее развитие различных форм деятельности требуют определения и уточнения дальнейших направлений развития. Разнообразный и богатый опыт постоянный количественный рост и сфера нашей активности позволяет выполнять важные задания по разработке направлений прогрессивного развития.", "created_at": "2022-02-19T17:52:06.878Z", "image": "", "author": "Олег Николаевич", "category": 7, "user": null}}, {"model": "app_book.recipe", "pk": 98, "fields": {"title": "Лазанья", "content": "Равным образом постоянное информационно-пропагандистское обеспечение нашей деятельности влечет за собой процесс внедрения и модернизации соответствующий условий активизации. Задача организации, в особенности же укрепление и развитие структуры позволяет оценить значение систем массового участия. Задача организации, в особенности же постоянное информационно-пропагандистское обеспечение нашей деятельности требуют определения и уточнения модели развития. Идейные соображения высшего порядка, а также дальнейшее развитие различных форм деятельности требуют определения и уточнения дальнейших направлений развития. Разнообразный и богатый опыт постоянный количественный рост и сфера нашей активности позволяет выполнять важные задания по разработке направлений прогрессивного развития.", "created_at": "2022-02-19T17:52:06.902Z", "image": "", "author": "Олег Николаевич", "category": 4, "user": null}}, {"model": "app_book.recipe", "pk": 99, "fields": {"title": "Сырный кекс", "content": "Равным образом постоянное информационно-пропагандистское обеспечение нашей деятельности влечет за собой процесс внедрения и модернизации соответствующий условий активизации. Задача организации, в особенности же укрепление и развитие структуры позволяет оценить значение систем массового участия. Задача организации, в особенности же постоянное информационно-пропагандистское обеспечение нашей деятельности требуют определения и уточнения модели развития. Идейные соображения высшего порядка, а также дальнейшее развитие различных форм деятельности требуют определения и уточнения дальнейших направлений развития. Разнообразный и богатый опыт постоянный количественный рост и сфера нашей активности позволяет выполнять важные задания по разработке направлений прогрессивного развития.", "created_at": "2022-02-19T17:52:06.921Z", "image": "", "author": "Алексей Алексеев", "category": 4, "user": null}}, {"model": "app_book.recipe", "pk": 100, "fields": {"title": "Паста с сёмгой в сливочном соусе", "content": "Равным образом постоянное информационно-пропагандистское обеспечение нашей деятельности влечет за собой процесс внедрения и модернизации соответствующий условий активизации. Задача организации, в особенности же укрепление и развитие структуры позволяет оценить значение систем массового участия. Задача организации, в особенности же постоянное информационно-пропагандистское обеспечение нашей деятельности требуют определения и уточнения модели развития. Идейные соображения высшего порядка, а также дальнейшее развитие различных форм деятельности требуют определения и уточнения дальнейших направлений развития. Разнообразный и богатый опыт постоянный количественный рост и сфера нашей активности позволяет выполнять важные задания по разработке направлений прогрессивного развития.", "created_at": "2022-02-19T17:52:06.829Z", "image": "", "author": "Семен Семенович", "category": 7, "user": null}}, {"model": "app_book.recipe", "pk": 101, "fields": {"title": "Лепёшка с сыром и перепелиными яйцами", "content": "Равным образом постоянное информационно-пропагандистское обеспечение нашей деятельности влечет за собой процесс внедрения и модернизации соответствующий условий активизации. Задача организации, в особенности же укрепление и развитие структуры позволяет оценить значение систем массового участия. Задача организации, в особенности же постоянное информационно-пропагандистское обеспечение нашей деятельности требуют определения и уточнения модели развития. Идейные соображения высшего порядка, а также дальнейшее развитие различных форм деятельности требуют определения и уточнения дальнейших направлений развития. Разнообразный и богатый опыт постоянный количественный рост и сфера нашей активности позволяет выполнять важные задания по разработке направлений прогрессивного развития.", "created_at": "2022-02-19T17:52:06.941Z", "image": "", "author": "Артем Артемов", "category": 2, "user": null}}, {"model": "app_book.recipe", "pk": 102, "fields": {"title": "Салат из авокадо с креветками", "content": "Равным образом постоянное информационно-пропагандистское обеспечение нашей деятельности влечет за собой процесс внедрения и модернизации соответствующий условий активизации. Задача организации, в особенности же укрепление и развитие структуры позволяет оценить значение систем массового участия. Задача организации, в особенности же постоянное информационно-пропагандистское обеспечение нашей деятельности требуют определения и уточнения модели развития. Идейные соображения высшего порядка, а также дальнейшее развитие различных форм деятельности требуют определения и уточнения дальнейших направлений развития. Разнообразный и богатый опыт постоянный количественный рост и сфера нашей активности позволяет выполнять важные задания по разработке направлений прогрессивного развития.", "created_at": "2022-02-19T17:52:06.955Z", "image": "", "author": "Павел Валерьевич", "category": 2, "user": null}}, {"model": "app_book.recipe", "pk": 103, "fields": {"title": "Огурцы по-корейски", "content": "Равным образом постоянное информационно-пропагандистское обеспечение нашей деятельности влечет за собой процесс внедрения и модернизации соответствующий условий активизации. Задача организации, в особенности же укрепление и развитие структуры позволяет оценить значение систем массового участия. Задача организации, в особенности же постоянное информационно-пропагандистское обеспечение нашей деятельности требуют определения и уточнения модели развития. Идейные соображения высшего порядка, а также дальнейшее развитие различных форм деятельности требуют определения и уточнения дальнейших направлений развития. Разнообразный и богатый опыт постоянный количественный рост и сфера нашей активности позволяет выполнять важные задания по разработке направлений прогрессивного развития.", "created_at": "2022-02-19T17:52:06.968Z", "image": "", "author": "Олег Николаевич", "category": 3, "user": null}}, {"model": "app_book.recipe", "pk": 104, "fields": {"title": "Винегрет — классический рецепт", "content": "Равным образом постоянное информационно-пропагандистское обеспечение нашей деятельности влечет за собой процесс внедрения и модернизации соответствующий условий активизации. Задача организации, в особенности же укрепление и развитие структуры позволяет оценить значение систем массового участия. Задача организации, в особенности же постоянное информационно-пропагандистское обеспечение нашей деятельности требуют определения и уточнения модели развития. Идейные соображения высшего порядка, а также дальнейшее развитие различных форм деятельности требуют определения и уточнения дальнейших направлений развития. Разнообразный и богатый опыт постоянный количественный рост и сфера нашей активности позволяет выполнять важные задания по разработке направлений прогрессивного развития.", "created_at": "2022-02-19T17:52:06.982Z", "image": "", "author": "Екатерина Ивановна", "category": 7, "user": null}}, {"model": "app_book.recipe", "pk": 105, "fields": {"title": "Гуакамоле", "content": "Равным образом постоянное информационно-пропагандистское обеспечение нашей деятельности влечет за собой процесс внедрения и модернизации соответствующий условий активизации. Задача организации, в особенности же укрепление и развитие структуры позволяет оценить значение систем массового участия. Задача организации, в особенности же постоянное информационно-пропагандистское обеспечение нашей деятельности требуют определения и уточнения модели развития. Идейные соображения высшего порядка, а также дальнейшее развитие различных форм деятельности требуют определения и уточнения дальнейших направлений развития. Разнообразный и богатый опыт постоянный количественный рост и сфера нашей активности позволяет выполнять важные задания по разработке направлений прогрессивного развития.", "created_at": "2022-02-19T17:52:06.840Z", "image": "", "author": "Артем Артемов", "category": 4, "user": null}}, {"model": "app_book.recipe", "pk": 106, "fields": {"title": "Салат из печёного перца", "content": "Равным образом постоянное информационно-пропагандистское обеспечение нашей деятельности влечет за собой процесс внедрения и модернизации соответствующий условий активизации. Задача организации, в особенности же укрепление и развитие структуры позволяет оценить значение систем массового участия. Задача организации, в особенности же постоянное информационно-пропагандистское обеспечение нашей деятельности требуют определения и уточнения модели развития. Идейные соображения высшего порядка, а также дальнейшее развитие различных форм деятельности требуют определения и уточнения дальнейших направлений развития. Разнообразный и богатый опыт постоянный количественный рост и сфера нашей активности позволяет выполнять важные задания по разработке направлений прогрессивного развития.", "created_at": "2022-02-19T17:52:07.001Z", "image": "", "author": "Валерий Шигаев", "category": 6, "user": null}}, {"model": "app_book.recipe", "pk": 107, "fields": {"title": "Фаршированный перец в томатном соусе", "content": "Равным образом постоянное информационно-пропагандистское обеспечение нашей деятельности влечет за собой процесс внедрения и модернизации соответствующий условий активизации. Задача организации, в особенности же укрепление и развитие структуры позволяет оценить значение систем массового участия. Задача организации, в особенности же постоянное информационно-пропагандистское обеспечение нашей деятельности требуют определения и уточнения модели развития. Идейные соображения высшего порядка, а также дальнейшее развитие различных форм деятельности требуют определения и уточнения дальнейших направлений развития. Разнообразный и богатый опыт постоянный количественный рост и сфера нашей активности позволяет выполнять важные задания по разработке направлений прогрессивного развития.", "created_at": "2022-02-19T17:52:07.015Z", "image": "", "author": "Олег Николаевич", "category": 4, "user": null}}, {"model": "app_book.recipe", "pk": 108, "fields": {"title": "Венский шницель", "content": "Равным образом постоянное информационно-пропагандистское обеспечение нашей деятельности влечет за собой процесс внедрения и модернизации соответствующий условий активизации. Задача организации, в особенности же укрепление и развитие структуры позволяет оценить значение систем массового участия. Задача организации, в особенности же постоянное информационно-пропагандистское обеспечение нашей деятельности требуют определения и уточнения модели развития. Идейные соображения высшего порядка, а также дальнейшее развитие различных форм деятельности требуют определения и уточнения дальнейших направлений развития. Разнообразный и богатый опыт постоянный количественный рост и сфера нашей активности позволяет выполнять важные задания по разработке направлений прогрессивного развития.", "created_at": "2022-02-19T17:52:07.027Z", "image": "", "author": "Алексей Алексеев", "category": 4, "user": null}}, {"model": "app_book.recipe", "pk": 109, "fields": {"title": "Суп-лапша", "content": "Равным образом постоянное информационно-пропагандистское обеспечение нашей деятельности влечет за собой процесс внедрения и модернизации соответствующий условий активизации. Задача организации, в особенности же укрепление и развитие структуры позволяет оценить значение систем массового участия. Задача организации, в особенности же постоянное информационно-пропагандистское обеспечение нашей деятельности требуют определения и уточнения модели развития. Идейные соображения высшего порядка, а также дальнейшее развитие различных форм деятельности требуют определения и уточнения дальнейших направлений развития. Разнообразный и богатый опыт постоянный количественный рост и сфера нашей активности позволяет выполнять важные задания по разработке направлений прогрессивного развития.", "created_at": "2022-02-19T17:52:07.040Z", "image": "", "author": "Екатерина Ивановна", "category": 8, "user": null}}, {"model": "app_book.recipe", "pk": 110, "fields": {"title": "Салат из авокадо с креветками", "content": "Равным образом постоянное информационно-пропагандистское обеспечение нашей деятельности влечет за собой процесс внедрения и модернизации соответствующий условий активизации. Задача организации, в особенности же укрепление и развитие структуры позволяет оценить значение систем массового участия. Задача организации, в особенности же постоянное информационно-пропагандистское обеспечение нашей деятельности требуют определения и уточнения модели развития. Идейные соображения высшего порядка, а также дальнейшее развитие различных форм деятельности требуют определения и уточнения дальнейших направлений развития. Разнообразный и богатый опыт постоянный количественный рост и сфера нашей активности позволяет выполнять важные задания по разработке направлений прогрессивного развития.", "created_at": "2022-02-19T17:52:07.054Z", "image": "", "author": "Екатерина Ивановна", "category": 5, "user": null}}, {"model": "app_book.recipe", "pk": 111, "fields": {"title": "Зелёные помидоры по-корейски", "content": "Равным образом постоянное информационно-пропагандистское обеспечение нашей деятельности влечет за собой процесс внедрения и модернизации соответствующий условий активизации. Задача организации, в особенности же укрепление и развитие структуры позволяет оценить значение систем массового участия. Задача организации, в особенности же постоянное информационно-пропагандистское обеспечение нашей деятельности требуют определения и уточнения модели развития. Идейные соображения высшего порядка, а также дальнейшее развитие различных форм деятельности требуют определения и уточнения дальнейших направлений развития. Разнообразный и богатый опыт постоянный количественный рост и сфера нашей активности позволяет выполнять важные задания по разработке направлений прогрессивного развития.", "created_at": "2022-02-19T17:52:07.073Z", "image": "", "author": "Павел Валерьевич", "category": 6, "user": null}}, {"model": "app_book.recipe", "pk": 112, "fields": {"title": "Соус из говядины с овощами", "content": "Равным образом постоянное информационно-пропагандистское обеспечение нашей деятельности влечет за собой процесс внедрения и модернизации соответствующий условий активизации. Задача организации, в особенности же укрепление и развитие структуры позволяет оценить значение систем массового участия. Задача организации, в особенности же постоянное информационно-пропагандистское обеспечение нашей деятельности требуют определения и уточнения модели развития. Идейные соображения высшего порядка, а также дальнейшее развитие различных форм деятельности требуют определения и уточнения дальнейших направлений развития. Разнообразный и богатый опыт постоянный количественный рост и сфера нашей активности позволяет выполнять важные задания по разработке направлений прогрессивного развития.", "created_at": "2022-02-19T17:52:07.092Z", "image": "", "author": "Олег Николаевич", "category": 1, "user": null}}, {"model": "app_book.recipe", "pk": 113, "fields": {"title": "Свиная рулька в пиве", "content": "Равным образом постоянное информационно-пропагандистское обеспечение нашей деятельности влечет за собой процесс внедрения и модернизации соответствующий условий активизации. Задача организации, в особенности же укрепление и развитие структуры позволяет оценить значение систем массового участия. Задача организации, в особенности же постоянное информационно-пропагандистское обеспечение нашей деятельности требуют определения и уточнения модели развития. Идейные соображения высшего порядка, а также дальнейшее развитие различных форм деятельности требуют определения и уточнения дальнейших направлений развития. Разнообразный и богатый опыт постоянный количественный рост и сфера нашей активности позволяет выполнять важные задания по разработке направлений прогрессивного развития.", "created_at": "2022-02-19T17:52:07.106Z", "image": "", "author": "Алексей Алексеев", "category": 4, "user": null}}, {"model": "app_book.recipe", "pk": 114, "fields": {"title": "Зелёные помидоры по-корейски", "content": "Равным образом постоянное информационно-пропагандистское обеспечение нашей деятельности влечет за собой процесс внедрения и модернизации соответствующий условий активизации. Задача организации, в особенности же укрепление и развитие структуры позволяет оценить значение систем массового участия. Задача организации, в особенности же постоянное информационно-пропагандистское обеспечение нашей деятельности требуют определения и уточнения модели развития. Идейные соображения высшего порядка, а также дальнейшее развитие различных форм деятельности требуют определения и уточнения дальнейших направлений развития. Разнообразный и богатый опыт постоянный количественный рост и сфера нашей активности позволяет выполнять важные задания по разработке направлений прогрессивного развития.", "created_at": "2022-02-19T17:52:07.120Z", "image": "", "author": "Семен Семенович", "category": 1, "user": null}}, {"model": "app_book.ingredientname", "pk": 1, "fields": {"name": "Лук"}}, {"model": "app_book.ingredientname", "pk": 2, "fields": {"name": "Морковь"}}, {"model": "app_book.ingredientname", "pk": 3, "fields": {"name": "Свекла"}}, {"model": "app_book.ingredientname", "pk": 4, "fields": {"name": "Чеснок"}}, {"model": "app_book.ingredientname", "pk": 5, "fields": {"name": "Салат"}}, {"model": "app_book.ingredientname", "pk": 6, "fields": {"name": "Картофель"}}, {"model": "app_book.ingredientname", "pk": 7, "fields": {"name": "Имбирь"}}, {"model": "app_book.ingredientname", "pk": 8, "fields": {"name": "Цукини"}}, {"model": "app_book.ingredientname", "pk": 9, "fields": {"name": "Авокадо"}}, {"model": "app_book.ingredientname", "pk": 10, "fields": {"name": "Баклажан"}}, {"model": "app_book.ingredientname", "pk": 11, "fields": {"name": "Огурец"}}, {"model": "app_book.ingredientname", "pk": 12, "fields": {"name": "Капуста"}}, {"model": "app_book.ingredientname", "pk": 13, "fields": {"name": "Брокколи"}}, {"model": "app_book.ingredientname", "pk": 14, "fields": {"name": "Хлеб"}}, {"model": "app_book.ingredientname", "pk": 15, "fields": {"name": "Лаваш"}}, {"model": "app_book.ingredientname", "pk": 16, "fields": {"name": "Свинина"}}, {"model": "app_book.ingredientname", "pk": 17, "fields": {"name": "Говядина"}}, {"model": "app_book.ingredientname", "pk": 18, "fields": {"name": "Курица"}}, {"model": "app_book.ingredientname", "pk": 19, "fields": {"name": "Индейка"}}, {"model": "app_book.ingredientname", "pk": 20, "fields": {"name": "Сало"}}, {"model": "app_book.ingredientname", "pk": 21, "fields": {"name": "Баранина"}}, {"model": "app_book.ingredientname", "pk": 22, "fields": {"name": "Окунь"}}, {"model": "app_book.ingredientname", "pk": 23, "fields": {"name": "Сазан"}}, {"model": "app_book.ingredientname", "pk": 24, "fields": {"name": "Лещ"}}, {"model": "app_book.ingredientname", "pk": 25, "fields": {"name": "Карп"}}, {"model": "app_book.ingredientname", "pk": 26, "fields": {"name": "Красноперка"}}, {"model": "app_book.ingredientname", "pk": 27, "fields": {"name": "Минтай"}}, {"model": "app_book.ingredientname", "pk": 28, "fields": {"name": "Треска"}}, {"model": "app_book.ingredientname", "pk": 29, "fields": {"name": "Морской окунь"}}, {"model": "app_book.ingredientname", "pk": 30, "fields": {"name": "Форель"}}, {"model": "app_book.ingredientname", "pk": 31, "fields": {"name": "Лосось"}}, {"model": "app_book.ingredientname", "pk": 32, "fields": {"name": "Кета"}}, {"model": "app_book.ingredientname", "pk": 33, "fields": {"name": "Мука"}}, {"model": "app_book.ingredientname", "pk": 34, "fields": {"name": "Сухари"}}, {"model": "app_book.ingredientname", "pk": 35, "fields": {"name": "Апельсин"}}, {"model": "app_book.ingredientname", "pk": 36, "fields": {"name": "Мандарин"}}, {"model": "app_book.ingredientname", "pk": 37, "fields": {"name": "Киви"}}, {"model": "app_book.ingredientname", "pk": 38, "fields": {"name": "Арбуз"}}, {"model": "app_book.ingredientname", "pk": 39, "fields": {"name": "Дыня"}}, {"model": "app_book.ingredientname", "pk": 40, "fields": {"name": "Манго"}}, {"model": "app_book.ingredientname", "pk": 41, "fields": {"name": "Банан"}}, {"model": "app_book.ingredientname", "pk": 42, "fields": {"name": "Ананас"}}, {"model": "app_book.ingredientname", "pk": 43, "fields": {"name": "Тыква"}}, {"model": "app_book.ingredientname", "pk": 44, "fields": {"name": "Укроп"}}, {"model": "app_book.ingredientname", "pk": 45, "fields": {"name": "Петрушка"}}, {"model": "app_book.ingredientname", "pk": 46, "fields": {"name": "Базилик"}}, {"model": "app_book.ingredientname", "pk": 47, "fields": {"name": "Кинза"}}, {"model": "app_book.ingredientname", "pk": 48, "fields": {"name": "Лук порей"}}, {"model": "app_book.ingredientname", "pk": 49, "fields": {"name": "Куркума"}}, {"model": "app_book.ingredientname", "pk": 50, "fields": {"name": "Зира"}}, {"model": "app_book.ingredientname", "pk": 51, "fields": {"name": "Перец черный"}}, {"model": "app_book.ingredientname", "pk": 52, "fields": {"name": "Перец красный"}}, {"model": "app_book.ingredientname", "pk": 53, "fields": {"name": "Барбарис"}}, {"model": "app_book.ingredientname", "pk": 54, "fields": {"name": "Шафран"}}, {"model": "app_book.ingredientname", "pk": 55, "fields": {"name": "Сахар"}}, {"model": "app_book.ingredientname", "pk": 56, "fields": {"name": "Соль"}}, {"model": "app_book.ingredientname", "pk": 57, "fields": {"name": "Крахмал"}}, {"model": "app_book.ingredientname", "pk": 58, "fields": {"name": "Молоко"}}, {"model": "app_book.ingredientname", "pk": 59, "fields": {"name": "Сыр"}}, {"model": "app_book.ingredientname", "pk": 60, "fields": {"name": "Сметана"}}, {"model": "app_book.ingredientname", "pk": 61, "fields": {"name": "Ряженка"}}, {"model": "app_book.ingredientname", "pk": 62, "fields": {"name": "Йогурт"}}, {"model": "app_book.ingredientname", "pk": 63, "fields": {"name": "Кефир"}}, {"model": "app_book.ingredientname", "pk": 64, "fields": {"name": "Масло сливочное"}}, {"model": "app_book.ingredientname", "pk": 65, "fields": {"name": "Масло растительное"}}, {"model": "app_book.ingredientname", "pk": 66, "fields": {"name": "Майонез"}}, {"model": "app_book.ingredientname", "pk": 67, "fields": {"name": "Кетчуп"}}, {"model": "app_book.ingredientname", "pk": 68, "fields": {"name": "Горчица"}}, {"model": "app_book.ingredientname", "pk": 69, "fields": {"name": "Соевый соус"}}, {"model": "app_book.ingredientname", "pk": 70, "fields": {"name": "Томатная паста"}}, {"model": "app_book.ingredient", "pk": 43, "fields": {"grams": 813, "name": 15, "recipe": 106}}, {"model": "app_book.ingredient", "pk": 44, "fields": {"grams": 621, "name": 61, "recipe": 79}}, {"model": "app_book.ingredient", "pk": 45, "fields": {"grams": 174, "name": 49, "recipe": 114}}, {"model": "app_book.ingredient", "pk": 46, "fields": {"grams": 477, "name": 46, "recipe": 114}}, {"model": "app_book.ingredient", "pk": 47, "fields": {"grams": 538, "name": 39, "recipe": 92}}, {"model": "app_book.ingredient", "pk": 48, "fields": {"grams": 217, "name": 48, "recipe": 109}}, {"model": "app_book.ingredient", "pk": 49, "fields": {"grams": 662, "name": 20, "recipe": 90}}, {"model": "app_book.ingredient", "pk": 50, "fields": {"grams": 785, "name": 4, "recipe": 101}}, {"model": "app_book.ingredient", "pk": 51, "fields": {"grams": 34, "name": 5, "recipe": 97}}, {"model": "app_book.ingredient", "pk": 52, "fields": {"grams": 58, "name": 64, "recipe": 42}}, {"model": "app_book.ingredient", "pk": 53, "fields": {"grams": 703, "name": 54, "recipe": 110}}, {"model": "app_book.ingredient", "pk": 54, "fields": {"grams": 172, "name": 6, "recipe": 104}}, {"model": "app_book.ingredient", "pk": 55, "fields": {"grams": 346, "name": 66, "recipe": 67}}, {"model": "app_book.ingredient", "pk": 56, "fields": {"grams": 151, "name": 6, "recipe": 45}}, {"model": "app_book.ingredient", "pk": 57, "fields": {"grams": 263, "name": 16, "recipe": 98}}, {"model": "app_book.ingredient", "pk": 58, "fields": {"grams": 304, "name": 38, "recipe": 89}}, {"model": "app_book.ingredient", "pk": 59, "fields": {"grams": 671, "name": 45, "recipe": 82}}, {"model": "app_book.ingredient", "pk": 60, "fields": {"grams": 261, "name": 68, "recipe": 112}}, {"model": "app_book.ingredient", "pk": 61, "fields": {"grams": 305, "name": 52, "recipe": 107}}, {"model": "app_book.ingredient", "pk": 62, "fields": {"grams": 290, "name": 3, "recipe": 100}}, {"model": "app_book.ingredient", "pk": 63, "fields": {"grams": 573, "name": 68, "recipe": 80}}, {"model": "app_book.ingredient", "pk": 64, "fields": {"grams": 427, "name": 70, "recipe": 105}}, {"model": "app_book.ingredient", "pk": 65, "fields": {"grams": 525, "name": 49, "recipe": 94}}, {"model": "app_book.ingredient", "pk": 66, "fields": {"grams": 134, "name": 37, "recipe": 108}}, {"model": "app_book.ingredient", "pk": 67, "fields": {"grams": 231, "name": 66, "recipe": 46}}, {"model": "app_book.ingredient", "pk": 68, "fields": {"grams": 238, "name": 49, "recipe": 103}}, {"model": "app_book.ingredient", "pk": 69, "fields": {"grams": 150, "name": 62, "recipe": 90}}, {"model": "app_book.ingredient", "pk": 70, "fields": {"grams": 894, "name": 31, "recipe": 113}}, {"model": "app_book.ingredient", "pk": 71, "fields": {"grams": 247, "name": 5, "recipe": 98}}, {"model": "app_book.ingredient", "pk": 72, "fields": {"grams": 495, "name": 65, "recipe": 105}}, {"model": "app_book.ingredient", "pk": 73, "fields": {"grams": 494, "name": 64, "recipe": 22}}, {"model": "app_book.ingredient", "pk": 74, "fields": {"grams": 643, "name": 66, "recipe": 88}}, {"model": "app_book.ingredient", "pk": 75, "fields": {"grams": 865, "name": 38, "recipe": 106}}, {"model": "app_book.ingredient", "pk": 76, "fields": {"grams": 750, "name": 52, "recipe": 97}}, {"model": "app_book.ingredient", "pk": 77, "fields": {"grams": 663, "name": 29, "recipe": 99}}, {"model": "app_book.ingredient", "pk": 78, "fields": {"grams": 92, "name": 33, "recipe": 112}}, {"model": "app_book.ingredient", "pk": 79, "fields": {"grams": 742, "name": 45, "recipe": 98}}, {"model": "app_book.ingredient", "pk": 80, "fields": {"grams": 304, "name": 39, "recipe": 91}}, {"model": "app_book.ingredient", "pk": 81, "fields": {"grams": 424, "name": 43, "recipe": 93}}, {"model": "app_book.ingredient", "pk": 82, "fields": {"grams": 616, "name": 23, "recipe": 101}}, {"model": "app_book.ingredient", "pk": 83, "fields": {"grams": 330, "name": 33, "recipe": 92}}, {"model": "app_book.ingredient", "pk": 84, "fields": {"grams": 654, "name": 39, "recipe": 85}}, {"model": "app_book.ingredient", "pk": 85, "fields": {"grams": 164, "name": 41, "recipe": 60}}, {"model": "app_book.ingredient", "pk": 86, "fields": {"grams": 596, "name": 19, "recipe": 55}}, {"model": "app_book.ingredient", "pk": 87, "fields": {"grams": 722, "name": 52, "recipe": 105}}, {"model": "app_book.ingredient", "pk": 88, "fields": {"grams": 638, "name": 20, "recipe": 31}}, {"model": "app_book.ingredient", "pk": 89, "fields": {"grams": 708, "name": 31, "recipe": 99}}, {"model": "app_book.ingredient", "pk": 90, "fields": {"grams": 422, "name": 51, "recipe": 70}}, {"model": "app_book.ingredient", "pk": 91, "fields": {"grams": 257, "name": 17, "recipe": 91}}, {"model": "app_book.ingredient", "pk": 92, "fields": {"grams": 181, "name": 68, "recipe": 103}}, {"model": "app_book.ingredient", "pk": 93, "fields": {"grams": 388, "name": 55, "recipe": 114}}, {"model": "app_book.ingredient", "pk": 94, "fields": {"grams": 304, "name": 5, "recipe": 96}}, {"model": "app_book.ingredient", "pk": 95, "fields": {"grams": 679, "name": 43, "recipe": 102}}, {"model": "app_book.ingredient", "pk": 96, "fields": {"grams": 636, "name": 35, "recipe": 112}}, {"model": "app_book.ingredient", "pk": 97, "fields": {"grams": 390, "name": 25, "recipe": 87}}, {"model": "app_book.ingredient", "pk": 98, "fields": {"grams": 480, "name": 51, "recipe": 108}}, {"model": "app_book.ingredient", "pk": 99, "fields": {"grams": 688, "name": 1, "recipe": 86}}, {"model": "app_book.ingredient", "pk": 100, "fields": {"grams": 602, "name": 52, "recipe": null}}, {"model": "app_book.ingredient", "pk": 101, "fields": {"grams": 437, "name": 60, "recipe": 86}}, {"model": "app_book.ingredient", "pk": 103, "fields": {"grams": 376, "name": 63, "recipe": 96}}, {"model": "app_book.ingredient", "pk": 104, "fields": {"grams": 300, "name": 55, "recipe": 110}}, {"model": "app_book.ingredient", "pk": 105, "fields": {"grams": 395, "name": 27, "recipe": 105}}, {"model": "app_book.ingredient", "pk": 106, "fields": {"grams": 155, "name": 38, "recipe": 79}}, {"model": "app_book.ingredient", "pk": 107, "fields": {"grams": 199, "name": 13, "recipe": 106}}, {"model": "app_book.ingredient", "pk": 108, "fields": {"grams": 878, "name": 18, "recipe": 80}}, {"model": "app_book.ingredient", "pk": 109, "fields": {"grams": 134, "name": 53, "recipe": 45}}, {"model": "app_book.ingredient", "pk": 110, "fields": {"grams": 660, "name": 2, "recipe": 110}}, {"model": "app_book.ingredient", "pk": 111, "fields": {"grams": 850, "name": 20, "recipe": 93}}, {"model": "app_book.ingredient", "pk": 112, "fields": {"grams": 212, "name": 12, "recipe": 108}}, {"model": "app_book.ingredient", "pk": 113, "fields": {"grams": 760, "name": 49, "recipe": 73}}, {"model": "app_book.ingredient", "pk": 114, "fields": {"grams": 542, "name": 44, "recipe": 65}}, {"model": "app_book.ingredient", "pk": 115, "fields": {"grams": 269, "name": 28, "recipe": 113}}, {"model": "app_book.ingredient", "pk": 116, "fields": {"grams": 211, "name": 67, "recipe": 99}}, {"model": "app_book.ingredient", "pk": 117, "fields": {"grams": 801, "name": 52, "recipe": 100}}, {"model": "app_book.ingredient", "pk": 118, "fields": {"grams": 198, "name": 28, "recipe": 101}}, {"model": "app_book.ingredient", "pk": 119, "fields": {"grams": 456, "name": 67, "recipe": 84}}, {"model": "app_book.ingredient", "pk": 120, "fields": {"grams": 721, "name": 23, "recipe": 102}}, {"model": "app_book.ingredient", "pk": 121, "fields": {"grams": 127, "name": 18, "recipe": 101}}, {"model": "app_book.ingredient", "pk": 122, "fields": {"grams": 887, "name": 32, "recipe": 102}}, {"model": "app_book.ingredient", "pk": 123, "fields": {"grams": 180, "name": 64, "recipe": 76}}, {"model": "app_book.ingredient", "pk": 124, "fields": {"grams": 794, "name": 46, "recipe": 89}}, {"model": "app_book.ingredient", "pk": 125, "fields": {"grams": 645, "name": 15, "recipe": 95}}, {"model": "app_book.ingredient", "pk": 126, "fields": {"grams": 182, "name": 23, "recipe": 94}}, {"model": "app_book.ingredient", "pk": 127, "fields": {"grams": 514, "name": 57, "recipe": 70}}, {"model": "app_book.ingredient", "pk": 128, "fields": {"grams": 99, "name": 70, "recipe": 69}}, {"model": "app_book.ingredient", "pk": 129, "fields": {"grams": 576, "name": 52, "recipe": 58}}, {"model": "app_book.ingredient", "pk": 130, "fields": {"grams": 744, "name": 35, "recipe": 111}}, {"model": "app_book.ingredient", "pk": 131, "fields": {"grams": 342, "name": 50, "recipe": 112}}, {"model": "app_book.ingredient", "pk": 132, "fields": {"grams": 547, "name": 61, "recipe": 95}}, {"model": "app_book.ingredient", "pk": 133, "fields": {"grams": 54, "name": 60, "recipe": 60}}, {"model": "app_book.ingredient", "pk": 134, "fields": {"grams": 415, "name": 68, "recipe": 109}}, {"model": "app_book.ingredient", "pk": 135, "fields": {"grams": 386, "name": 44, "recipe": 93}}, {"model": "app_book.ingredient", "pk": 136, "fields": {"grams": 855, "name": 40, "recipe": 78}}, {"model": "app_book.ingredient", "pk": 137, "fields": {"grams": 502, "name": 19, "recipe": 63}}, {"model": "app_book.ingredient", "pk": 138, "fields": {"grams": 260, "name": 61, "recipe": 111}}, {"model": "app_book.ingredient", "pk": 139, "fields": {"grams": 118, "name": 9, "recipe": 111}}, {"model": "app_book.ingredient", "pk": 140, "fields": {"grams": 289, "name": 43, "recipe": 112}}, {"model": "app_book.ingredient", "pk": 141, "fields": {"grams": 257, "name": 18, "recipe": 65}}, {"model": "app_book.ingredient", "pk": 142, "fields": {"grams": 187, "name": 22, "recipe": 56}}, {"model": "app_book.ingredient", "pk": 143, "fields": {"grams": 499, "name": 56, "recipe": 99}}, {"model": "app_book.ingredient", "pk": 145, "fields": {"grams": 810, "name": 45, "recipe": 60}}, {"model": "app_book.ingredient", "pk": 146, "fields": {"grams": 611, "name": 2, "recipe": 109}}, {"model": "app_book.ingredient", "pk": 147, "fields": {"grams": 392, "name": 26, "recipe": 97}}, {"model": "app_book.ingredient", "pk": 148, "fields": {"grams": 410, "name": 9, "recipe": 98}}, {"model": "app_book.ingredient", "pk": 149, "fields": {"grams": 643, "name": 4, "recipe": 113}}, {"model": "app_book.ingredient", "pk": 150, "fields": {"grams": 701, "name": 68, "recipe": 93}}, {"model": "app_book.ingredient", "pk": 151, "fields": {"grams": 187, "name": 20, "recipe": 114}}, {"model": "app_book.ingredient", "pk": 152, "fields": {"grams": 825, "name": 9, "recipe": 88}}, {"model": "app_book.ingredient", "pk": 153, "fields": {"grams": 596, "name": 3, "recipe": 110}}, {"model": "app_book.ingredient", "pk": 154, "fields": {"grams": 864, "name": 28, "recipe": 84}}, {"model": "app_book.ingredient", "pk": 155, "fields": {"grams": 115, "name": 65, "recipe": 81}}, {"model": "app_book.ingredient", "pk": 156, "fields": {"grams": 86, "name": 1, "recipe": 62}}, {"model": "app_book.ingredient", "pk": 157, "fields": {"grams": 862, "name": 37, "recipe": 80}}, {"model": "app_book.ingredient", "pk": 158, "fields": {"grams": 21, "name": 54, "recipe": 80}}, {"model": "app_book.ingredient", "pk": 159, "fields": {"grams": 418, "name": 16, "recipe": 67}}, {"model": "app_book.ingredient", "pk": 160, "fields": {"grams": 735, "name": 16, "recipe": 94}}, {"model": "app_book.ingredient", "pk": 161, "fields": {"grams": 67, "name": 45, "recipe": 81}}, {"model": "app_book.ingredient", "pk": 162, "fields": {"grams": 114, "name": 60, "recipe": 86}}, {"model": "app_book.ingredient", "pk": 163, "fields": {"grams": 796, "name": 9, "recipe": 65}}, {"model": "app_book.ingredient", "pk": 164, "fields": {"grams": 763, "name": 64, "recipe": 40}}, {"model": "app_book.ingredient", "pk": 165, "fields": {"grams": 340, "name": 43, "recipe": 111}}, {"model": "app_book.ingredient", "pk": 166, "fields": {"grams": 645, "name": 52, "recipe": 106}}, {"model": "app_book.ingredient", "pk": 167, "fields": {"grams": 588, "name": 12, "recipe": 114}}, {"model": "app_book.ingredient", "pk": 168, "fields": {"grams": 157, "name": 5, "recipe": 107}}, {"model": "app_book.ingredient", "pk": 169, "fields": {"grams": 66, "name": 43, "recipe": 100}}, {"model": "app_book.ingredient", "pk": 170, "fields": {"grams": 377, "name": 31, "recipe": 92}}, {"model": "app_book.ingredient", "pk": 171, "fields": {"grams": 607, "name": 64, "recipe": null}}, {"model": "app_book.ingredient", "pk": 172, "fields": {"grams": 328, "name": 64, "recipe": 80}}, {"model": "app_book.ingredient", "pk": 173, "fields": {"grams": 637, "name": 22, "recipe": 57}}, {"model": "app_book.ingredient", "pk": 174, "fields": {"grams": 372, "name": 21, "recipe": 104}}, {"model": "app_book.ingredient", "pk": 175, "fields": {"grams": 413, "name": 57, "recipe": 37}}, {"model": "app_book.ingredient", "pk": 176, "fields": {"grams": 538, "name": 35, "recipe": 113}}, {"model": "app_book.ingredient", "pk": 177, "fields": {"grams": 772, "name": 27, "recipe": 111}}, {"model": "app_book.ingredient", "pk": 178, "fields": {"grams": 294, "name": 52, "recipe": 110}}, {"model": "app_book.ingredient", "pk": 179, "fields": {"grams": 255, "name": 43, "recipe": 50}}, {"model": "app_book.ingredient", "pk": 180, "fields": {"grams": 667, "name": 30, "recipe": 92}}, {"model": "app_book.ingredient", "pk": 181, "fields": {"grams": 420, "name": 24, "recipe": 107}}, {"model": "app_book.ingredient", "pk": 182, "fields": {"grams": 415, "name": 32, "recipe": 106}}, {"model": "app_book.ingredient", "pk": 183, "fields": {"grams": 278, "name": 24, "recipe": 84}}, {"model": "app_book.ingredient", "pk": 185, "fields": {"grams": 476, "name": 9, "recipe": 64}}, {"model": "app_book.ingredient", "pk": 186, "fields": {"grams": 822, "name": 53, "recipe": 113}}, {"model": "app_book.ingredient", "pk": 187, "fields": {"grams": 878, "name": 20, "recipe": 113}}, {"model": "app_book.ingredient", "pk": 189, "fields": {"grams": 345, "name": 31, "recipe": 73}}, {"model": "app_book.ingredient", "pk": 190, "fields": {"grams": 685, "name": 67, "recipe": 103}}, {"model": "app_book.ingredient", "pk": 191, "fields": {"grams": 185, "name": 67, "recipe": 82}}, {"model": "app_book.ingredient", "pk": 192, "fields": {"grams": 723, "name": 34, "recipe": 98}}, {"model": "app_book.ingredient", "pk": 193, "fields": {"grams": 628, "name": 28, "recipe": 111}}, {"model": "app_book.ingredient", "pk": 194, "fields": {"grams": 764, "name": 20, "recipe": 100}}, {"model": "app_book.ingredient", "pk": 195, "fields": {"grams": 329, "name": 40, "recipe": 104}}, {"model": "app_book.ingredient", "pk": 196, "fields": {"grams": 135, "name": 60, "recipe": 54}}, {"model": "app_book.ingredient", "pk": 197, "fields": {"grams": 428, "name": 25, "recipe": 37}}, {"model": "app_book.ingredient", "pk": 198, "fields": {"grams": 821, "name": 68, "recipe": 79}}, {"model": "app_book.ingredient", "pk": 199, "fields": {"grams": 818, "name": 26, "recipe": 108}}, {"model": "app_book.ingredient", "pk": 200, "fields": {"grams": 162, "name": 38, "recipe": 107}}, {"model": "app_book.ingredient", "pk": 201, "fields": {"grams": 472, "name": 15, "recipe": 113}}, {"model": "app_book.ingredient", "pk": 202, "fields": {"grams": 885, "name": 6, "recipe": 109}}, {"model": "app_book.ingredient", "pk": 203, "fields": {"grams": 501, "name": 48, "recipe": 100}}, {"model": "app_book.ingredient", "pk": 204, "fields": {"grams": 725, "name": 10, "recipe": 112}}, {"model": "app_book.ingredient", "pk": 205, "fields": {"grams": 710, "name": 22, "recipe": 64}}, {"model": "app_book.ingredient", "pk": 206, "fields": {"grams": 393, "name": 54, "recipe": 102}}, {"model": "app_book.ingredient", "pk": 207, "fields": {"grams": 10, "name": 70, "recipe": 54}}, {"model": "app_book.ingredient", "pk": 208, "fields": {"grams": 458, "name": 53, "recipe": 97}}, {"model": "app_book.ingredient", "pk": 210, "fields": {"grams": 81, "name": 62, "recipe": 109}}, {"model": "app_book.ingredient", "pk": 211, "fields": {"grams": 782, "name": 17, "recipe": 87}}, {"model": "app_book.ingredient", "pk": 212, "fields": {"grams": 177, "name": 17, "recipe": 84}}, {"model": "app_book.ingredient", "pk": 213, "fields": {"grams": 118, "name": 63, "recipe": 64}}, {"model": "app_book.ingredient", "pk": 214, "fields": {"grams": 128, "name": 28, "recipe": 112}}, {"model": "app_book.ingredient", "pk": 215, "fields": {"grams": 42, "name": 51, "recipe": 112}}, {"model": "app_book.ingredient", "pk": 216, "fields": {"grams": 414, "name": 56, "recipe": 75}}, {"model": "app_book.ingredient", "pk": 217, "fields": {"grams": 65, "name": 67, "recipe": 102}}, {"model": "app_book.ingredient", "pk": 218, "fields": {"grams": 545, "name": 69, "recipe": 84}}, {"model": "app_book.ingredient", "pk": 219, "fields": {"grams": 273, "name": 26, "recipe": 89}}, {"model": "app_book.ingredient", "pk": 220, "fields": {"grams": 373, "name": 61, "recipe": 88}}, {"model": "app_book.ingredient", "pk": 221, "fields": {"grams": 194, "name": 60, "recipe": 51}}, {"model": "app_book.ingredient", "pk": 222, "fields": {"grams": 883, "name": 56, "recipe": 75}}, {"model": "app_book.ingredient", "pk": 223, "fields": {"grams": 632, "name": 26, "recipe": 82}}, {"model": "app_book.ingredient", "pk": 225, "fields": {"grams": 83, "name": 17, "recipe": 53}}, {"model": "app_book.ingredient", "pk": 227, "fields": {"grams": 394, "name": 38, "recipe": 102}}, {"model": "app_book.ingredient", "pk": 228, "fields": {"grams": 682, "name": 42, "recipe": 114}}, {"model": "app_book.ingredient", "pk": 229, "fields": {"grams": 396, "name": 44, "recipe": 103}}, {"model": "app_book.ingredient", "pk": 230, "fields": {"grams": 94, "name": 36, "recipe": 97}}, {"model": "app_book.ingredient", "pk": 231, "fields": {"grams": 176, "name": 54, "recipe": 72}}, {"model": "app_book.ingredient", "pk": 232, "fields": {"grams": 796, "name": 49, "recipe": null}}, {"model": "app_book.ingredient", "pk": 233, "fields": {"grams": 567, "name": 27, "recipe": 111}}, {"model": "app_book.ingredient", "pk": 234, "fields": {"grams": 629, "name": 58, "recipe": 114}}, {"model": "app_book.ingredient", "pk": 235, "fields": {"grams": 559, "name": 26, "recipe": 87}}, {"model": "app_book.ingredient", "pk": 236, "fields": {"grams": 424, "name": 59, "recipe": 85}}, {"model": "app_book.ingredient", "pk": 237, "fields": {"grams": 377, "name": 6, "recipe": 110}}, {"model": "app_book.ingredient", "pk": 238, "fields": {"grams": 681, "name": 58, "recipe": 103}}, {"model": "app_book.ingredient", "pk": 239, "fields": {"grams": 75, "name": 60, "recipe": 96}}, {"model": "app_book.ingredient", "pk": 240, "fields": {"grams": 6, "name": 41, "recipe": 59}}, {"model": "app_book.ingredient", "pk": 241, "fields": {"grams": 239, "name": 46, "recipe": 64}}, {"model": "app_book.ingredient", "pk": 242, "fields": {"grams": 250, "name": 22, "recipe": 101}}]